cell_id,replications,successful_simulations,mean_clip_fraction,mean_expected_clip_fraction,mean_realized_mean_gap,mean_expected_mean_gap_after_floor,mean_raw_mean_gap,mean_realized_cv,mean_realized_span,mean_min_gap
15b77182099f13c8b05019e60d7b0551195bf5a63e9c1526502df2ff0963cad4,20,20,0.0,0.0,0.1,0.1,0.1,0.0,24.900000000000002,0.1
235ef1f8035b9cc6732de77197f949f222fa3122de542245744d8e3e88c1098d,20,20,0.024899598393574297,0.024669701620415353,0.09984833946515029,0.10000000197357617,0.09984833742022091,2.024960418999717,24.86223652682242,9.999999954476478e-08
6b01c943c3bb701aeb145f77e0b9245961b31f9a5b007fcf3a1a4ee1ef5e17bc,20,20,0.0,0.0,1.0141076475946136,1.0,1.0141076475946134,0.9721106253220647,252.51280425105875,0.002715451435384683
a28cd55993f16d3495a20ae0e34dfd016fd6a9823f88fbf06aa8b717c6b39d36,20,20,0.025903614457831327,0.024669701620415353,0.9510870500351508,1.0000000197357617,0.9510870284383073,1.9731071239249047,236.82067545875253,9.999999974752427e-07
c9336ddbf5462c139a054699fef361ecbf08b537a70e8513696600b9ba442127,20,20,0.0,0.0,0.5060561075437631,0.5,0.5060561075437631,1.0015550650902725,126.007970778397,0.0017139575750722447
cec2c40e6afe6af22ea0706cb48789f0d6b10024a5ccdd86580cec7f8003c689,20,20,0.0,0.0,0.09767383694732236,0.1,0.09767383694732235,0.9889772333118639,24.320785399883267,0.0002715218408649828
d027970362028d74549356c73c879afd38c074871d61a476b5bb0b1d9032b642,20,20,0.0,0.0,0.5,0.5,0.5,0.0,124.5,0.5
d3c988ccf3b1c6f6ba26e4c48ce46e756f6cb4287b026d0c8093d233344837da,20,20,0.0,0.0,1.0,1.0,1.0,0.0,249.0,1.0
f8d4e4a0284815907238717ce73c66fe15dbe632869f978cfd54f905b681ba41,20,20,0.023493975903614458,0.024669701620415353,0.5087881177871227,0.5000000098678808,0.5087881082784981,2.0015238703988745,126.68824132899358,4.999999987376214e-07
