cell_id,theta_mean_gap,cv,n,mean_gap,true_theta,true_mu,true_sigma,estimator,parameter,truth,n_total,n_success,n_failed,failure_rate,bias,relative_bias,rmse,relative_rmse,mcse_bias,mcse_rmse,relative_mcse_bias,relative_mcse_rmse,coverage,coverage_mcse,n_ci_valid,ci_status,metric_scope,coverage_scope,twin_cell_id,twin_bias,twin_relative_bias,twin_rmse,twin_coverage,excess_bias,excess_relative_bias,rmse_ratio,coverage_gap,comparison_status
15b77182099f13c8b05019e60d7b0551195bf5a63e9c1526502df2ff0963cad4,0.1,0.0,250,0.1,1.0,0.0,0.5,euler,theta,1.0,20,20,0,0.0,0.12021674830751558,0.12021674830751558,0.32831653745226325,0.32831653745226325,0.07009004816775677,0.05401462542451632,0.07009004816775677,0.05401462542451632,,,0,not_computed_week3,conditional_on_success,not_computed,15b77182099f13c8b05019e60d7b0551195bf5a63e9c1526502df2ff0963cad4,0.12021674830751558,0.12021674830751558,0.32831653745226325,,0.0,0.0,1.0,,matched
15b77182099f13c8b05019e60d7b0551195bf5a63e9c1526502df2ff0963cad4,0.1,0.0,250,0.1,1.0,0.0,0.5,euler,mu,0.0,20,20,0,0.0,0.006638407587545395,,0.0849367150495735,,0.019426212768636073,0.015352849129444136,,,,,0,not_computed_week3,conditional_on_success,not_computed,15b77182099f13c8b05019e60d7b0551195bf5a63e9c1526502df2ff0963cad4,0.006638407587545395,,0.0849367150495735,,0.0,,1.0,,matched
15b77182099f13c8b05019e60d7b0551195bf5a63e9c1526502df2ff0963cad4,0.1,0.0,250,0.1,1.0,0.0,0.5,euler,sigma,0.5,20,20,0,0.0,-0.020656153962849914,-0.04131230792569983,0.032963683834889186,0.06592736766977837,0.005893474336878993,0.005486309334353099,0.011786948673757985,0.010972618668706198,,,0,not_computed_week3,conditional_on_success,not_computed,15b77182099f13c8b05019e60d7b0551195bf5a63e9c1526502df2ff0963cad4,-0.020656153962849914,-0.04131230792569983,0.032963683834889186,,0.0,0.0,1.0,,matched
15b77182099f13c8b05019e60d7b0551195bf5a63e9c1526502df2ff0963cad4,0.1,0.0,250,0.1,1.0,0.0,0.5,exact,theta,1.0,20,20,0,0.0,0.19406357416396397,0.19406357416396397,0.39751883603700094,0.39751883603700094,0.07959124329873155,0.06828211139205405,0.07959124329873155,0.06828211139205405,,,0,not_computed_week3,conditional_on_success,not_computed,15b77182099f13c8b05019e60d7b0551195bf5a63e9c1526502df2ff0963cad4,0.19406357416396397,0.19406357416396397,0.39751883603700094,,0.0,0.0,1.0,,matched
15b77182099f13c8b05019e60d7b0551195bf5a63e9c1526502df2ff0963cad4,0.1,0.0,250,0.1,1.0,0.0,0.5,exact,mu,0.0,20,20,0,0.0,0.006638400926099175,,0.08493670775811295,,0.019426211210536965,0.015352846147364896,,,,,0,not_computed_week3,conditional_on_success,not_computed,15b77182099f13c8b05019e60d7b0551195bf5a63e9c1526502df2ff0963cad4,0.006638400926099175,,0.08493670775811295,,0.0,,1.0,,matched
15b77182099f13c8b05019e60d7b0551195bf5a63e9c1526502df2ff0963cad4,0.1,0.0,250,0.1,1.0,0.0,0.5,exact,sigma,0.5,20,20,0,0.0,0.008220425580522656,0.016440851161045312,0.029198632929855826,0.05839726585971165,0.006427673591782848,0.0036206737543869136,0.012855347183565695,0.007241347508773827,,,0,not_computed_week3,conditional_on_success,not_computed,15b77182099f13c8b05019e60d7b0551195bf5a63e9c1526502df2ff0963cad4,0.008220425580522656,0.016440851161045312,0.029198632929855826,,0.0,0.0,1.0,,matched
15b77182099f13c8b05019e60d7b0551195bf5a63e9c1526502df2ff0963cad4,0.1,0.0,250,0.1,1.0,0.0,0.5,pfml,theta,1.0,20,20,0,0.0,0.19406363307482075,0.19406363307482075,0.39751889479815633,0.39751889479815633,0.07959125118522072,0.06828209422333024,0.07959125118522072,0.06828209422333024,,,0,not_computed_week3,conditional_on_success,not_computed,15b77182099f13c8b05019e60d7b0551195bf5a63e9c1526502df2ff0963cad4,0.19406363307482075,0.19406363307482075,0.39751889479815633,,0.0,0.0,1.0,,matched
15b77182099f13c8b05019e60d7b0551195bf5a63e9c1526502df2ff0963cad4,0.1,0.0,250,0.1,1.0,0.0,0.5,pfml,mu,0.0,20,20,0,0.0,0.006638407681971747,,0.08493670266075921,,0.019426209916028076,0.015352844331363868,,,,,0,not_computed_week3,conditional_on_success,not_computed,15b77182099f13c8b05019e60d7b0551195bf5a63e9c1526502df2ff0963cad4,0.006638407681971747,,0.08493670266075921,,0.0,,1.0,,matched
15b77182099f13c8b05019e60d7b0551195bf5a63e9c1526502df2ff0963cad4,0.1,0.0,250,0.1,1.0,0.0,0.5,pfml,sigma,0.5,20,20,0,0.0,0.0082204256658301,0.0164408513316602,0.02919863180135579,0.05839726360271158,0.006427673316231552,0.00362067362298646,0.012855346632463105,0.00724134724597292,,,0,not_computed_week3,conditional_on_success,not_computed,15b77182099f13c8b05019e60d7b0551195bf5a63e9c1526502df2ff0963cad4,0.0082204256658301,0.0164408513316602,0.02919863180135579,,0.0,0.0,1.0,,matched
235ef1f8035b9cc6732de77197f949f222fa3122de542245744d8e3e88c1098d,0.1,2.0,250,0.1,1.0,0.0,0.5,euler,theta,1.0,20,20,0,0.0,-0.09657023170268764,-0.09657023170268764,0.23938304294279653,0.23938304294279653,0.050251175214035375,0.028205958200839158,0.050251175214035375,0.028205958200839158,,,0,not_computed_week3,conditional_on_success,not_computed,15b77182099f13c8b05019e60d7b0551195bf5a63e9c1526502df2ff0963cad4,0.12021674830751558,0.12021674830751558,0.32831653745226325,,-0.21678698001020322,-0.21678698001020322,0.7291227082266682,,matched
235ef1f8035b9cc6732de77197f949f222fa3122de542245744d8e3e88c1098d,0.1,2.0,250,0.1,1.0,0.0,0.5,euler,mu,0.0,20,20,0,0.0,-0.014732170506139055,,0.11317890219181329,,0.025744112309544213,0.014338246546329859,,,,,0,not_computed_week3,conditional_on_success,not_computed,15b77182099f13c8b05019e60d7b0551195bf5a63e9c1526502df2ff0963cad4,0.006638407587545395,,0.0849367150495735,,-0.02137057809368445,,1.3325085874319036,,matched
235ef1f8035b9cc6732de77197f949f222fa3122de542245744d8e3e88c1098d,0.1,2.0,250,0.1,1.0,0.0,0.5,euler,sigma,0.5,20,20,0,0.0,-0.02613679181511283,-0.05227358363022566,0.037546052367026204,0.07509210473405241,0.006183910200380053,0.005420822993043997,0.012367820400760106,0.010841645986087995,,,0,not_computed_week3,conditional_on_success,not_computed,15b77182099f13c8b05019e60d7b0551195bf5a63e9c1526502df2ff0963cad4,-0.020656153962849914,-0.04131230792569983,0.032963683834889186,,-0.0054806378522629165,-0.010961275704525833,1.1390126344825264,,matched
235ef1f8035b9cc6732de77197f949f222fa3122de542245744d8e3e88c1098d,0.1,2.0,250,0.1,1.0,0.0,0.5,exact,theta,1.0,20,20,0,0.0,0.15390370802472314,0.15390370802472314,0.32251260398735104,0.32251260398735104,0.06502146543822143,0.056706402247523234,0.06502146543822143,0.056706402247523234,,,0,not_computed_week3,conditional_on_success,not_computed,15b77182099f13c8b05019e60d7b0551195bf5a63e9c1526502df2ff0963cad4,0.19406357416396397,0.19406357416396397,0.39751883603700094,,-0.04015986613924083,-0.04015986613924083,0.8113140177270283,,matched
235ef1f8035b9cc6732de77197f949f222fa3122de542245744d8e3e88c1098d,0.1,2.0,250,0.1,1.0,0.0,0.5,exact,mu,0.0,20,20,0,0.0,-0.019090057513016213,,0.11685732209871515,,0.02644876221582181,0.017486113507048193,,,,,0,not_computed_week3,conditional_on_success,not_computed,15b77182099f13c8b05019e60d7b0551195bf5a63e9c1526502df2ff0963cad4,0.006638400926099175,,0.08493670775811295,,-0.02572845843911539,,1.375816477741371,,matched
235ef1f8035b9cc6732de77197f949f222fa3122de542245744d8e3e88c1098d,0.1,2.0,250,0.1,1.0,0.0,0.5,exact,sigma,0.5,20,20,0,0.0,-0.004842317786941719,-0.009684635573883438,0.03072168689706086,0.06144337379412172,0.0069599380073286825,0.004090068660640474,0.013919876014657365,0.008180137321280949,,,0,not_computed_week3,conditional_on_success,not_computed,15b77182099f13c8b05019e60d7b0551195bf5a63e9c1526502df2ff0963cad4,0.008220425580522656,0.016440851161045312,0.029198632929855826,,-0.013062743367464375,-0.02612548673492875,1.0521618245232194,,matched
235ef1f8035b9cc6732de77197f949f222fa3122de542245744d8e3e88c1098d,0.1,2.0,250,0.1,1.0,0.0,0.5,pfml,theta,1.0,20,20,0,0.0,-0.04429644139761639,-0.04429644139761639,0.2779193632594897,0.2779193632594897,0.0629440009072675,0.05039681387789712,0.0629440009072675,0.05039681387789712,,,0,not_computed_week3,conditional_on_success,not_computed,15b77182099f13c8b05019e60d7b0551195bf5a63e9c1526502df2ff0963cad4,0.19406363307482075,0.19406363307482075,0.39751889479815633,,-0.23836007447243712,-0.23836007447243712,0.699134976717536,,matched
235ef1f8035b9cc6732de77197f949f222fa3122de542245744d8e3e88c1098d,0.1,2.0,250,0.1,1.0,0.0,0.5,pfml,mu,0.0,20,20,0,0.0,-0.00017383182342275497,,0.11815223356061527,,0.027105952034134635,0.017482784481546554,,,,,0,not_computed_week3,conditional_on_success,not_computed,15b77182099f13c8b05019e60d7b0551195bf5a63e9c1526502df2ff0963cad4,0.006638407681971747,,0.08493670266075921,,-0.006812239505394502,,1.3910621658168236,,matched
235ef1f8035b9cc6732de77197f949f222fa3122de542245744d8e3e88c1098d,0.1,2.0,250,0.1,1.0,0.0,0.5,pfml,sigma,0.5,20,20,0,0.0,-0.05397835007931227,-0.10795670015862455,0.06919731000210219,0.13839462000420438,0.00993294739276748,0.007008430865244645,0.01986589478553496,0.01401686173048929,,,0,not_computed_week3,conditional_on_success,not_computed,15b77182099f13c8b05019e60d7b0551195bf5a63e9c1526502df2ff0963cad4,0.0082204256658301,0.0164408513316602,0.02919863180135579,,-0.062198775745142376,-0.12439755149028475,2.3698819339503823,,matched
6b01c943c3bb701aeb145f77e0b9245961b31f9a5b007fcf3a1a4ee1ef5e17bc,1.0,1.0,250,1.0,1.0,0.0,0.5,euler,theta,1.0,20,20,0,0.0,-0.4786965958420105,-0.4786965958420105,0.48149615791750083,0.48149615791750083,0.011894534832137628,0.011470170555857822,0.011894534832137628,0.011470170555857822,,,0,not_computed_week3,conditional_on_success,not_computed,d3c988ccf3b1c6f6ba26e4c48ce46e756f6cb4287b026d0c8093d233344837da,-0.36693608151081253,-0.36693608151081253,0.37279466147470547,,-0.11176051433119799,-0.11176051433119799,1.2915854428086302,,matched
6b01c943c3bb701aeb145f77e0b9245961b31f9a5b007fcf3a1a4ee1ef5e17bc,1.0,1.0,250,1.0,1.0,0.0,0.5,euler,mu,0.0,20,20,0,0.0,-0.004307685903679347,,0.042451070708305186,,0.009688672839528067,0.0068353537806128935,,,,,0,not_computed_week3,conditional_on_success,not_computed,d3c988ccf3b1c6f6ba26e4c48ce46e756f6cb4287b026d0c8093d233344837da,-0.0005089177184355222,,0.036881030274323205,,-0.0037987681852438247,,1.1510272460544542,,matched
6b01c943c3bb701aeb145f77e0b9245961b31f9a5b007fcf3a1a4ee1ef5e17bc,1.0,1.0,250,1.0,1.0,0.0,0.5,euler,sigma,0.5,20,20,0,0.0,-0.13193562692406263,-0.26387125384812526,0.13253751449889753,0.26507502899779506,0.002894487480312457,0.0027884535540907583,0.005788974960624914,0.005576907108181517,,,0,not_computed_week3,conditional_on_success,not_computed,d3c988ccf3b1c6f6ba26e4c48ce46e756f6cb4287b026d0c8093d233344837da,-0.17267233838391965,-0.3453446767678393,0.17306154155122566,,0.04073671145985702,0.08147342291971404,0.7658403670215017,,matched
6b01c943c3bb701aeb145f77e0b9245961b31f9a5b007fcf3a1a4ee1ef5e17bc,1.0,1.0,250,1.0,1.0,0.0,0.5,exact,theta,1.0,20,20,0,0.0,0.004934391885750766,0.004934391885750766,0.12045437985568318,0.12045437985568318,0.02761093357343394,0.023965931501957846,0.02761093357343394,0.023965931501957846,,,0,not_computed_week3,conditional_on_success,not_computed,d3c988ccf3b1c6f6ba26e4c48ce46e756f6cb4287b026d0c8093d233344837da,0.022094995635465263,0.022094995635465263,0.21021377338389471,,-0.017160603749714495,-0.017160603749714495,0.5730089799382844,,matched
6b01c943c3bb701aeb145f77e0b9245961b31f9a5b007fcf3a1a4ee1ef5e17bc,1.0,1.0,250,1.0,1.0,0.0,0.5,exact,mu,0.0,20,20,0,0.0,-0.006309551328776272,,0.035382211970409756,,0.007987129403143221,0.005811929451399122,,,,,0,not_computed_week3,conditional_on_success,not_computed,d3c988ccf3b1c6f6ba26e4c48ce46e756f6cb4287b026d0c8093d233344837da,-0.0005089198799489526,,0.03688103071303458,,-0.00580063144882732,,0.9593607143388456,,matched
6b01c943c3bb701aeb145f77e0b9245961b31f9a5b007fcf3a1a4ee1ef5e17bc,1.0,1.0,250,1.0,1.0,0.0,0.5,exact,sigma,0.5,20,20,0,0.0,-0.005254115367685846,-0.010508230735371693,0.02153959982494026,0.04307919964988052,0.004792255991765387,0.003396639301421756,0.009584511983530775,0.006793278602843512,,,0,not_computed_week3,conditional_on_success,not_computed,d3c988ccf3b1c6f6ba26e4c48ce46e756f6cb4287b026d0c8093d233344837da,0.0006440415707145375,0.001288083141429075,0.028743303427074502,,-0.005898156938400384,-0.011796313876800768,0.7493780205044638,,matched
6b01c943c3bb701aeb145f77e0b9245961b31f9a5b007fcf3a1a4ee1ef5e17bc,1.0,1.0,250,1.0,1.0,0.0,0.5,pfml,theta,1.0,20,20,0,0.0,-0.2793301683765165,-0.2793301683765165,0.2955925887923286,0.2955925887923286,0.02218301339657229,0.02119260204565146,0.02218301339657229,0.02119260204565146,,,0,not_computed_week3,conditional_on_success,not_computed,d3c988ccf3b1c6f6ba26e4c48ce46e756f6cb4287b026d0c8093d233344837da,0.022094995635465263,0.022094995635465263,0.21021377338389471,,-0.3014251640119817,-0.3014251640119817,1.4061523373756968,,matched
6b01c943c3bb701aeb145f77e0b9245961b31f9a5b007fcf3a1a4ee1ef5e17bc,1.0,1.0,250,1.0,1.0,0.0,0.5,pfml,mu,0.0,20,20,0,0.0,-0.007358435093895124,,0.0415698709341523,,0.009386181339021778,0.007308667988153704,,,,,0,not_computed_week3,conditional_on_success,not_computed,d3c988ccf3b1c6f6ba26e4c48ce46e756f6cb4287b026d0c8093d233344837da,-0.0005089198799489526,,0.03688103071303458,,-0.006849515213946172,,1.1271341969155049,,matched
6b01c943c3bb701aeb145f77e0b9245961b31f9a5b007fcf3a1a4ee1ef5e17bc,1.0,1.0,250,1.0,1.0,0.0,0.5,pfml,sigma,0.5,20,20,0,0.0,-0.07910152413331392,-0.15820304826662784,0.08390672965187417,0.16781345930374833,0.006420723687115583,0.005263344393529201,0.012841447374231166,0.010526688787058402,,,0,not_computed_week3,conditional_on_success,not_computed,d3c988ccf3b1c6f6ba26e4c48ce46e756f6cb4287b026d0c8093d233344837da,0.0006440415707145375,0.001288083141429075,0.028743303427074502,,-0.07974556570402846,-0.15949113140805693,2.919174891110079,,matched
a28cd55993f16d3495a20ae0e34dfd016fd6a9823f88fbf06aa8b717c6b39d36,1.0,2.0,250,1.0,1.0,0.0,0.5,euler,theta,1.0,20,20,0,0.0,-0.637217152494644,-0.637217152494644,0.6413374465638327,0.6413374465638327,0.016651253993610345,0.015391289888357137,0.016651253993610345,0.015391289888357137,,,0,not_computed_week3,conditional_on_success,not_computed,d3c988ccf3b1c6f6ba26e4c48ce46e756f6cb4287b026d0c8093d233344837da,-0.36693608151081253,-0.36693608151081253,0.37279466147470547,,-0.2702810709838314,-0.2702810709838314,1.7203504042327822,,matched
a28cd55993f16d3495a20ae0e34dfd016fd6a9823f88fbf06aa8b717c6b39d36,1.0,2.0,250,1.0,1.0,0.0,0.5,euler,mu,0.0,20,20,0,0.0,-0.001765401487764856,,0.055847575886885874,,0.01280590959392633,0.008488994775438408,,,,,0,not_computed_week3,conditional_on_success,not_computed,d3c988ccf3b1c6f6ba26e4c48ce46e756f6cb4287b026d0c8093d233344837da,-0.0005089177184355222,,0.036881030274323205,,-0.0012564837693293338,,1.5142629007782165,,matched
a28cd55993f16d3495a20ae0e34dfd016fd6a9823f88fbf06aa8b717c6b39d36,1.0,2.0,250,1.0,1.0,0.0,0.5,euler,sigma,0.5,20,20,0,0.0,-0.07458881943124444,-0.1491776388624889,0.07731240444643282,0.15462480889286565,0.0046663177026657005,0.0042491400080140835,0.009332635405331401,0.008498280016028167,,,0,not_computed_week3,conditional_on_success,not_computed,d3c988ccf3b1c6f6ba26e4c48ce46e756f6cb4287b026d0c8093d233344837da,-0.17267233838391965,-0.3453446767678393,0.17306154155122566,,0.09808351895267521,0.19616703790535042,0.44673359403509416,,matched
a28cd55993f16d3495a20ae0e34dfd016fd6a9823f88fbf06aa8b717c6b39d36,1.0,2.0,250,1.0,1.0,0.0,0.5,exact,theta,1.0,20,20,0,0.0,0.043536621647543475,0.043536621647543475,0.18714751458272785,0.18714751458272785,0.04175666022514819,0.027701281918628584,0.04175666022514819,0.027701281918628584,,,0,not_computed_week3,conditional_on_success,not_computed,d3c988ccf3b1c6f6ba26e4c48ce46e756f6cb4287b026d0c8093d233344837da,0.022094995635465263,0.022094995635465263,0.21021377338389471,,0.021441626012078212,0.021441626012078212,0.8902723716440645,,matched
a28cd55993f16d3495a20ae0e34dfd016fd6a9823f88fbf06aa8b717c6b39d36,1.0,2.0,250,1.0,1.0,0.0,0.5,exact,mu,0.0,20,20,0,0.0,0.0006501446936637541,,0.04033010887350585,,0.009251159226440462,0.00560982814286867,,,,,0,not_computed_week3,conditional_on_success,not_computed,d3c988ccf3b1c6f6ba26e4c48ce46e756f6cb4287b026d0c8093d233344837da,-0.0005089198799489526,,0.03688103071303458,,0.0011590645736127068,,1.0935190284487437,,matched
a28cd55993f16d3495a20ae0e34dfd016fd6a9823f88fbf06aa8b717c6b39d36,1.0,2.0,250,1.0,1.0,0.0,0.5,exact,sigma,0.5,20,20,0,0.0,6.813188659889614e-05,0.00013626377319779227,0.028092134464399635,0.05618426892879927,0.0064447586897454405,0.005062505448767653,0.012889517379490881,0.010125010897535307,,,0,not_computed_week3,conditional_on_success,not_computed,d3c988ccf3b1c6f6ba26e4c48ce46e756f6cb4287b026d0c8093d233344837da,0.0006440415707145375,0.001288083141429075,0.028743303427074502,,-0.0005759096841156414,-0.0011518193682312828,0.9773453679627685,,matched
a28cd55993f16d3495a20ae0e34dfd016fd6a9823f88fbf06aa8b717c6b39d36,1.0,2.0,250,1.0,1.0,0.0,0.5,pfml,theta,1.0,20,20,0,0.0,-0.5419546255953446,-0.5419546255953446,0.5495689858715369,0.5495689858715369,0.02091493300274798,0.019130922871336598,0.02091493300274798,0.019130922871336598,,,0,not_computed_week3,conditional_on_success,not_computed,d3c988ccf3b1c6f6ba26e4c48ce46e756f6cb4287b026d0c8093d233344837da,0.022094995635465263,0.022094995635465263,0.21021377338389471,,-0.5640496212308098,-0.5640496212308098,2.6143338613113043,,matched
a28cd55993f16d3495a20ae0e34dfd016fd6a9823f88fbf06aa8b717c6b39d36,1.0,2.0,250,1.0,1.0,0.0,0.5,pfml,mu,0.0,20,20,0,0.0,-0.007871669092456825,,0.03995690507266868,,0.008987099200301439,0.007763875004527478,,,,,0,not_computed_week3,conditional_on_success,not_computed,d3c988ccf3b1c6f6ba26e4c48ce46e756f6cb4287b026d0c8093d233344837da,-0.0005089198799489526,,0.03688103071303458,,-0.0073627492125078724,,1.0833999023391452,,matched
a28cd55993f16d3495a20ae0e34dfd016fd6a9823f88fbf06aa8b717c6b39d36,1.0,2.0,250,1.0,1.0,0.0,0.5,pfml,sigma,0.5,20,20,0,0.0,-0.17156921057035407,-0.34313842114070814,0.17317159577220825,0.3463431915444165,0.0053920388027583754,0.005361116052281125,0.010784077605516751,0.01072223210456225,,,0,not_computed_week3,conditional_on_success,not_computed,d3c988ccf3b1c6f6ba26e4c48ce46e756f6cb4287b026d0c8093d233344837da,0.0006440415707145375,0.001288083141429075,0.028743303427074502,,-0.1722132521410686,-0.3444265042821372,6.024763166543021,,matched
c9336ddbf5462c139a054699fef361ecbf08b537a70e8513696600b9ba442127,0.5,1.0,250,0.5,1.0,0.0,0.5,euler,theta,1.0,20,20,0,0.0,-0.31380805425463204,-0.31380805425463204,0.3255738977813605,0.3255738977813605,0.01989825171038861,0.01990178294686082,0.01989825171038861,0.01990178294686082,,,0,not_computed_week3,conditional_on_success,not_computed,d027970362028d74549356c73c879afd38c074871d61a476b5bb0b1d9032b642,-0.16108240306353439,-0.16108240306353439,0.20660743630321748,,-0.15272565119109766,-0.15272565119109766,1.5758091945129582,,matched
c9336ddbf5462c139a054699fef361ecbf08b537a70e8513696600b9ba442127,0.5,1.0,250,0.5,1.0,0.0,0.5,euler,mu,0.0,20,20,0,0.0,-0.01015383904170539,,0.04364075147813589,,0.009737109541638705,0.0056477774136574925,,,,,0,not_computed_week3,conditional_on_success,not_computed,d027970362028d74549356c73c879afd38c074871d61a476b5bb0b1d9032b642,0.006903836348684418,,0.0479469178426057,,-0.01705767539038981,,0.9101888805740221,,matched
c9336ddbf5462c139a054699fef361ecbf08b537a70e8513696600b9ba442127,0.5,1.0,250,0.5,1.0,0.0,0.5,euler,sigma,0.5,20,20,0,0.0,-0.08242564224904718,-0.16485128449809436,0.08353466500899968,0.16706933001799937,0.0031124009855135032,0.0032028725038517132,0.0062248019710270065,0.0064057450077034265,,,0,not_computed_week3,conditional_on_success,not_computed,d027970362028d74549356c73c879afd38c074871d61a476b5bb0b1d9032b642,-0.10104019741158925,-0.2020803948231785,0.10282010775390665,,0.018614555162542068,0.037229110325084136,0.8124351047067034,,matched
c9336ddbf5462c139a054699fef361ecbf08b537a70e8513696600b9ba442127,0.5,1.0,250,0.5,1.0,0.0,0.5,exact,theta,1.0,20,20,0,0.0,0.07054024715370613,0.07054024715370613,0.18283504403022255,0.18283504403022255,0.03869769941280168,0.0212097639548175,0.03869769941280168,0.0212097639548175,,,0,not_computed_week3,conditional_on_success,not_computed,d027970362028d74549356c73c879afd38c074871d61a476b5bb0b1d9032b642,0.10005127389399227,0.10005127389399227,0.24494579467156616,,-0.029511026740286134,-0.029511026740286134,0.7464306308070143,,matched
c9336ddbf5462c139a054699fef361ecbf08b537a70e8513696600b9ba442127,0.5,1.0,250,0.5,1.0,0.0,0.5,exact,mu,0.0,20,20,0,0.0,-0.01618362146206977,,0.0422277619570422,,0.008948020293465257,0.005324219327048476,,,,,0,not_computed_week3,conditional_on_success,not_computed,d027970362028d74549356c73c879afd38c074871d61a476b5bb0b1d9032b642,0.006903837320813379,,0.04794691774418336,,-0.02308745878288315,,0.8807190106013649,,matched
c9336ddbf5462c139a054699fef361ecbf08b537a70e8513696600b9ba442127,0.5,1.0,250,0.5,1.0,0.0,0.5,exact,sigma,0.5,20,20,0,0.0,0.0031065748833061595,0.006213149766612319,0.021546385275859944,0.04309277055171989,0.004891431342288942,0.0037473908447063736,0.009782862684577884,0.007494781689412747,,,0,not_computed_week3,conditional_on_success,not_computed,d027970362028d74549356c73c879afd38c074871d61a476b5bb0b1d9032b642,0.012642617520842132,0.025285235041684263,0.040033067490935055,,-0.009536042637535972,-0.019072085275071943,0.5382146966564286,,matched
c9336ddbf5462c139a054699fef361ecbf08b537a70e8513696600b9ba442127,0.5,1.0,250,0.5,1.0,0.0,0.5,pfml,theta,1.0,20,20,0,0.0,-0.13568982422033585,-0.13568982422033585,0.21532977872679698,0.21532977872679698,0.038357861480361695,0.026761456169353486,0.038357861480361695,0.026761456169353486,,,0,not_computed_week3,conditional_on_success,not_computed,d027970362028d74549356c73c879afd38c074871d61a476b5bb0b1d9032b642,0.10005127389399227,0.10005127389399227,0.24494579467156616,,-0.2357410981143281,-0.2357410981143281,0.8790915517268643,,matched
c9336ddbf5462c139a054699fef361ecbf08b537a70e8513696600b9ba442127,0.5,1.0,250,0.5,1.0,0.0,0.5,pfml,mu,0.0,20,20,0,0.0,-0.016122736915981383,,0.04115888605271528,,0.00868789616419985,0.0056236294097262276,,,,,0,not_computed_week3,conditional_on_success,not_computed,d027970362028d74549356c73c879afd38c074871d61a476b5bb0b1d9032b642,0.006903837320813379,,0.04794691774418336,,-0.023026574236794762,,0.8584261093135322,,matched
c9336ddbf5462c139a054699fef361ecbf08b537a70e8513696600b9ba442127,0.5,1.0,250,0.5,1.0,0.0,0.5,pfml,sigma,0.5,20,20,0,0.0,-0.05312756254833828,-0.10625512509667656,0.05954052812600109,0.11908105625200217,0.006166704260084448,0.005079735014288428,0.012333408520168896,0.010159470028576856,,,0,not_computed_week3,conditional_on_success,not_computed,d027970362028d74549356c73c879afd38c074871d61a476b5bb0b1d9032b642,0.012642617520842132,0.025285235041684263,0.040033067490935055,,-0.06577018006918041,-0.13154036013836082,1.4872836846560218,,matched
cec2c40e6afe6af22ea0706cb48789f0d6b10024a5ccdd86580cec7f8003c689,0.1,1.0,250,0.1,1.0,0.0,0.5,euler,theta,1.0,20,20,0,0.0,-0.01789595290178437,-0.01789595290178437,0.30044123735297523,0.30044123735297523,0.06880356170857341,0.06411939319642042,0.06880356170857341,0.06411939319642042,,,0,not_computed_week3,conditional_on_success,not_computed,15b77182099f13c8b05019e60d7b0551195bf5a63e9c1526502df2ff0963cad4,0.12021674830751558,0.12021674830751558,0.32831653745226325,,-0.13811270120929994,-0.13811270120929994,0.9150962655868621,,matched
cec2c40e6afe6af22ea0706cb48789f0d6b10024a5ccdd86580cec7f8003c689,0.1,1.0,250,0.1,1.0,0.0,0.5,euler,mu,0.0,20,20,0,0.0,-0.021370959656122384,,0.10355231010133388,,0.02324510475992651,0.015712699446274056,,,,,0,not_computed_week3,conditional_on_success,not_computed,15b77182099f13c8b05019e60d7b0551195bf5a63e9c1526502df2ff0963cad4,0.006638407587545395,,0.0849367150495735,,-0.02800936724366778,,1.2191701791256626,,matched
cec2c40e6afe6af22ea0706cb48789f0d6b10024a5ccdd86580cec7f8003c689,0.1,1.0,250,0.1,1.0,0.0,0.5,euler,sigma,0.5,20,20,0,0.0,-0.031226126564985614,-0.06245225312997123,0.038085342404105875,0.07617068480821175,0.005002222273442103,0.004664611196615838,0.010004444546884206,0.009329222393231676,,,0,not_computed_week3,conditional_on_success,not_computed,15b77182099f13c8b05019e60d7b0551195bf5a63e9c1526502df2ff0963cad4,-0.020656153962849914,-0.04131230792569983,0.032963683834889186,,-0.0105699726021357,-0.0211399452042714,1.1553727609714501,,matched
cec2c40e6afe6af22ea0706cb48789f0d6b10024a5ccdd86580cec7f8003c689,0.1,1.0,250,0.1,1.0,0.0,0.5,exact,theta,1.0,20,20,0,0.0,0.0842735443452777,0.0842735443452777,0.36540879024135564,0.36540879024135564,0.08157061961693893,0.09216596381638026,0.08157061961693893,0.09216596381638026,,,0,not_computed_week3,conditional_on_success,not_computed,15b77182099f13c8b05019e60d7b0551195bf5a63e9c1526502df2ff0963cad4,0.19406357416396397,0.19406357416396397,0.39751883603700094,,-0.10979002981868627,-0.10979002981868627,0.919223838256921,,matched
cec2c40e6afe6af22ea0706cb48789f0d6b10024a5ccdd86580cec7f8003c689,0.1,1.0,250,0.1,1.0,0.0,0.5,exact,mu,0.0,20,20,0,0.0,-0.020221401868289086,,0.10269338221980541,,0.02309821781485157,0.016036091057668216,,,,,0,not_computed_week3,conditional_on_success,not_computed,15b77182099f13c8b05019e60d7b0551195bf5a63e9c1526502df2ff0963cad4,0.006638400926099175,,0.08493670775811295,,-0.026859802794388262,,1.2090577199231787,,matched
cec2c40e6afe6af22ea0706cb48789f0d6b10024a5ccdd86580cec7f8003c689,0.1,1.0,250,0.1,1.0,0.0,0.5,exact,sigma,0.5,20,20,0,0.0,-0.007743448063981193,-0.015486896127962385,0.022604830409973853,0.045209660819947706,0.004872140834668842,0.003701786905800076,0.009744281669337685,0.007403573811600152,,,0,not_computed_week3,conditional_on_success,not_computed,15b77182099f13c8b05019e60d7b0551195bf5a63e9c1526502df2ff0963cad4,0.008220425580522656,0.016440851161045312,0.029198632929855826,,-0.01596387364450385,-0.0319277472890077,0.7741742726201486,,matched
cec2c40e6afe6af22ea0706cb48789f0d6b10024a5ccdd86580cec7f8003c689,0.1,1.0,250,0.1,1.0,0.0,0.5,pfml,theta,1.0,20,20,0,0.0,0.06547203853895668,0.06547203853895668,0.37177380400705523,0.37177380400705523,0.08395775050126784,0.09125931315873419,0.08395775050126784,0.09125931315873419,,,0,not_computed_week3,conditional_on_success,not_computed,15b77182099f13c8b05019e60d7b0551195bf5a63e9c1526502df2ff0963cad4,0.19406363307482075,0.19406363307482075,0.39751889479815633,,-0.12859159453586405,-0.12859159453586405,0.9352355545157838,,matched
cec2c40e6afe6af22ea0706cb48789f0d6b10024a5ccdd86580cec7f8003c689,0.1,1.0,250,0.1,1.0,0.0,0.5,pfml,mu,0.0,20,20,0,0.0,-0.03121534212845367,,0.10679859057784774,,0.023431357043633385,0.01619543525038708,,,,,0,not_computed_week3,conditional_on_success,not_computed,15b77182099f13c8b05019e60d7b0551195bf5a63e9c1526502df2ff0963cad4,0.006638407681971747,,0.08493670266075921,,-0.03785374981042542,,1.2573903534306698,,matched
cec2c40e6afe6af22ea0706cb48789f0d6b10024a5ccdd86580cec7f8003c689,0.1,1.0,250,0.1,1.0,0.0,0.5,pfml,sigma,0.5,20,20,0,0.0,-0.018590046779134804,-0.03718009355826961,0.0314757049843478,0.0629514099686956,0.005827024902222386,0.004344581779476806,0.011654049804444773,0.008689163558953612,,,0,not_computed_week3,conditional_on_success,not_computed,15b77182099f13c8b05019e60d7b0551195bf5a63e9c1526502df2ff0963cad4,0.0082204256658301,0.0164408513316602,0.02919863180135579,,-0.026810472444964904,-0.05362094488992981,1.0779856124246985,,matched
d027970362028d74549356c73c879afd38c074871d61a476b5bb0b1d9032b642,0.5,0.0,250,0.5,1.0,0.0,0.5,euler,theta,1.0,20,20,0,0.0,-0.16108240306353439,-0.16108240306353439,0.20660743630321748,0.20660743630321748,0.029681725867562226,0.02600909017240004,0.029681725867562226,0.02600909017240004,,,0,not_computed_week3,conditional_on_success,not_computed,d027970362028d74549356c73c879afd38c074871d61a476b5bb0b1d9032b642,-0.16108240306353439,-0.16108240306353439,0.20660743630321748,,0.0,0.0,1.0,,matched
d027970362028d74549356c73c879afd38c074871d61a476b5bb0b1d9032b642,0.5,0.0,250,0.5,1.0,0.0,0.5,euler,mu,0.0,20,20,0,0.0,0.006903836348684418,,0.0479469178426057,,0.01088515158194425,0.005906783332662743,,,,,0,not_computed_week3,conditional_on_success,not_computed,d027970362028d74549356c73c879afd38c074871d61a476b5bb0b1d9032b642,0.006903836348684418,,0.0479469178426057,,0.0,,1.0,,matched
d027970362028d74549356c73c879afd38c074871d61a476b5bb0b1d9032b642,0.5,0.0,250,0.5,1.0,0.0,0.5,euler,sigma,0.5,20,20,0,0.0,-0.10104019741158925,-0.2020803948231785,0.10282010775390665,0.2056402155078133,0.004370072055000608,0.004265115225649534,0.008740144110001217,0.008530230451299067,,,0,not_computed_week3,conditional_on_success,not_computed,d027970362028d74549356c73c879afd38c074871d61a476b5bb0b1d9032b642,-0.10104019741158925,-0.2020803948231785,0.10282010775390665,,0.0,0.0,1.0,,matched
d027970362028d74549356c73c879afd38c074871d61a476b5bb0b1d9032b642,0.5,0.0,250,0.5,1.0,0.0,0.5,exact,theta,1.0,20,20,0,0.0,0.10005127389399227,0.10005127389399227,0.24494579467156616,0.24494579467156616,0.05129285623773517,0.031493439936816935,0.05129285623773517,0.031493439936816935,,,0,not_computed_week3,conditional_on_success,not_computed,d027970362028d74549356c73c879afd38c074871d61a476b5bb0b1d9032b642,0.10005127389399227,0.10005127389399227,0.24494579467156616,,0.0,0.0,1.0,,matched
d027970362028d74549356c73c879afd38c074871d61a476b5bb0b1d9032b642,0.5,0.0,250,0.5,1.0,0.0,0.5,exact,mu,0.0,20,20,0,0.0,0.006903837320813379,,0.04794691774418336,,0.010885151526675975,0.005906783583717301,,,,,0,not_computed_week3,conditional_on_success,not_computed,d027970362028d74549356c73c879afd38c074871d61a476b5bb0b1d9032b642,0.006903837320813379,,0.04794691774418336,,0.0,,1.0,,matched
d027970362028d74549356c73c879afd38c074871d61a476b5bb0b1d9032b642,0.5,0.0,250,0.5,1.0,0.0,0.5,exact,sigma,0.5,20,20,0,0.0,0.012642617520842132,0.025285235041684263,0.040033067490935055,0.08006613498187011,0.008714207138362455,0.005661994478001308,0.01742841427672491,0.011323988956002616,,,0,not_computed_week3,conditional_on_success,not_computed,d027970362028d74549356c73c879afd38c074871d61a476b5bb0b1d9032b642,0.012642617520842132,0.025285235041684263,0.040033067490935055,,0.0,0.0,1.0,,matched
d027970362028d74549356c73c879afd38c074871d61a476b5bb0b1d9032b642,0.5,0.0,250,0.5,1.0,0.0,0.5,pfml,theta,1.0,20,20,0,0.0,0.10005127389399227,0.10005127389399227,0.24494579467156616,0.24494579467156616,0.05129285623773517,0.031493439936816935,0.05129285623773517,0.031493439936816935,,,0,not_computed_week3,conditional_on_success,not_computed,d027970362028d74549356c73c879afd38c074871d61a476b5bb0b1d9032b642,0.10005127389399227,0.10005127389399227,0.24494579467156616,,0.0,0.0,1.0,,matched
d027970362028d74549356c73c879afd38c074871d61a476b5bb0b1d9032b642,0.5,0.0,250,0.5,1.0,0.0,0.5,pfml,mu,0.0,20,20,0,0.0,0.006903837320813379,,0.04794691774418336,,0.010885151526675975,0.005906783583717301,,,,,0,not_computed_week3,conditional_on_success,not_computed,d027970362028d74549356c73c879afd38c074871d61a476b5bb0b1d9032b642,0.006903837320813379,,0.04794691774418336,,0.0,,1.0,,matched
d027970362028d74549356c73c879afd38c074871d61a476b5bb0b1d9032b642,0.5,0.0,250,0.5,1.0,0.0,0.5,pfml,sigma,0.5,20,20,0,0.0,0.012642617520842132,0.025285235041684263,0.040033067490935055,0.08006613498187011,0.008714207138362455,0.005661994478001308,0.01742841427672491,0.011323988956002616,,,0,not_computed_week3,conditional_on_success,not_computed,d027970362028d74549356c73c879afd38c074871d61a476b5bb0b1d9032b642,0.012642617520842132,0.025285235041684263,0.040033067490935055,,0.0,0.0,1.0,,matched
d3c988ccf3b1c6f6ba26e4c48ce46e756f6cb4287b026d0c8093d233344837da,1.0,0.0,250,1.0,1.0,0.0,0.5,euler,theta,1.0,20,20,0,0.0,-0.36693608151081253,-0.36693608151081253,0.37279466147470547,0.37279466147470547,0.015102756300425199,0.013779568206584339,0.015102756300425199,0.013779568206584339,,,0,not_computed_week3,conditional_on_success,not_computed,d3c988ccf3b1c6f6ba26e4c48ce46e756f6cb4287b026d0c8093d233344837da,-0.36693608151081253,-0.36693608151081253,0.37279466147470547,,0.0,0.0,1.0,,matched
d3c988ccf3b1c6f6ba26e4c48ce46e756f6cb4287b026d0c8093d233344837da,1.0,0.0,250,1.0,1.0,0.0,0.5,euler,mu,0.0,20,20,0,0.0,-0.0005089177184355222,,0.036881030274323205,,0.008460283051291415,0.005489103133091115,,,,,0,not_computed_week3,conditional_on_success,not_computed,d3c988ccf3b1c6f6ba26e4c48ce46e756f6cb4287b026d0c8093d233344837da,-0.0005089177184355222,,0.036881030274323205,,0.0,,1.0,,matched
d3c988ccf3b1c6f6ba26e4c48ce46e756f6cb4287b026d0c8093d233344837da,1.0,0.0,250,1.0,1.0,0.0,0.5,euler,sigma,0.5,20,20,0,0.0,-0.17267233838391965,-0.3453446767678393,0.17306154155122566,0.3461230831024513,0.0026612296437207566,0.002673075873687911,0.005322459287441513,0.005346151747375822,,,0,not_computed_week3,conditional_on_success,not_computed,d3c988ccf3b1c6f6ba26e4c48ce46e756f6cb4287b026d0c8093d233344837da,-0.17267233838391965,-0.3453446767678393,0.17306154155122566,,0.0,0.0,1.0,,matched
d3c988ccf3b1c6f6ba26e4c48ce46e756f6cb4287b026d0c8093d233344837da,1.0,0.0,250,1.0,1.0,0.0,0.5,exact,theta,1.0,20,20,0,0.0,0.022094995635465263,0.022094995635465263,0.21021377338389471,0.21021377338389471,0.0479592160553133,0.060378108871025384,0.0479592160553133,0.060378108871025384,,,0,not_computed_week3,conditional_on_success,not_computed,d3c988ccf3b1c6f6ba26e4c48ce46e756f6cb4287b026d0c8093d233344837da,0.022094995635465263,0.022094995635465263,0.21021377338389471,,0.0,0.0,1.0,,matched
d3c988ccf3b1c6f6ba26e4c48ce46e756f6cb4287b026d0c8093d233344837da,1.0,0.0,250,1.0,1.0,0.0,0.5,exact,mu,0.0,20,20,0,0.0,-0.0005089198799489526,,0.03688103071303458,,0.008460283145104953,0.005489103180196764,,,,,0,not_computed_week3,conditional_on_success,not_computed,d3c988ccf3b1c6f6ba26e4c48ce46e756f6cb4287b026d0c8093d233344837da,-0.0005089198799489526,,0.03688103071303458,,0.0,,1.0,,matched
d3c988ccf3b1c6f6ba26e4c48ce46e756f6cb4287b026d0c8093d233344837da,1.0,0.0,250,1.0,1.0,0.0,0.5,exact,sigma,0.5,20,20,0,0.0,0.0006440415707145375,0.001288083141429075,0.028743303427074502,0.057486606854149004,0.006592510512759574,0.006830706848379444,0.013185021025519147,0.013661413696758887,,,0,not_computed_week3,conditional_on_success,not_computed,d3c988ccf3b1c6f6ba26e4c48ce46e756f6cb4287b026d0c8093d233344837da,0.0006440415707145375,0.001288083141429075,0.028743303427074502,,0.0,0.0,1.0,,matched
d3c988ccf3b1c6f6ba26e4c48ce46e756f6cb4287b026d0c8093d233344837da,1.0,0.0,250,1.0,1.0,0.0,0.5,pfml,theta,1.0,20,20,0,0.0,0.022094995635465263,0.022094995635465263,0.21021377338389471,0.21021377338389471,0.0479592160553133,0.060378108871025384,0.0479592160553133,0.060378108871025384,,,0,not_computed_week3,conditional_on_success,not_computed,d3c988ccf3b1c6f6ba26e4c48ce46e756f6cb4287b026d0c8093d233344837da,0.022094995635465263,0.022094995635465263,0.21021377338389471,,0.0,0.0,1.0,,matched
d3c988ccf3b1c6f6ba26e4c48ce46e756f6cb4287b026d0c8093d233344837da,1.0,0.0,250,1.0,1.0,0.0,0.5,pfml,mu,0.0,20,20,0,0.0,-0.0005089198799489526,,0.03688103071303458,,0.008460283145104953,0.005489103180196764,,,,,0,not_computed_week3,conditional_on_success,not_computed,d3c988ccf3b1c6f6ba26e4c48ce46e756f6cb4287b026d0c8093d233344837da,-0.0005089198799489526,,0.03688103071303458,,0.0,,1.0,,matched
d3c988ccf3b1c6f6ba26e4c48ce46e756f6cb4287b026d0c8093d233344837da,1.0,0.0,250,1.0,1.0,0.0,0.5,pfml,sigma,0.5,20,20,0,0.0,0.0006440415707145375,0.001288083141429075,0.028743303427074502,0.057486606854149004,0.006592510512759574,0.006830706848379444,0.013185021025519147,0.013661413696758887,,,0,not_computed_week3,conditional_on_success,not_computed,d3c988ccf3b1c6f6ba26e4c48ce46e756f6cb4287b026d0c8093d233344837da,0.0006440415707145375,0.001288083141429075,0.028743303427074502,,0.0,0.0,1.0,,matched
f8d4e4a0284815907238717ce73c66fe15dbe632869f978cfd54f905b681ba41,0.5,2.0,250,0.5,1.0,0.0,0.5,euler,theta,1.0,20,20,0,0.0,-0.4893302445233668,-0.4893302445233668,0.4955891285792783,0.4955891285792783,0.01801241700469647,0.017567079592732338,0.01801241700469647,0.017567079592732338,,,0,not_computed_week3,conditional_on_success,not_computed,d027970362028d74549356c73c879afd38c074871d61a476b5bb0b1d9032b642,-0.16108240306353439,-0.16108240306353439,0.20660743630321748,,-0.32824784145983243,-0.32824784145983243,2.3986993762022712,,matched
f8d4e4a0284815907238717ce73c66fe15dbe632869f978cfd54f905b681ba41,0.5,2.0,250,0.5,1.0,0.0,0.5,euler,mu,0.0,20,20,0,0.0,-0.005270356081755609,,0.047311358612588096,,0.01078641445850048,0.007727034097002307,,,,,0,not_computed_week3,conditional_on_success,not_computed,d027970362028d74549356c73c879afd38c074871d61a476b5bb0b1d9032b642,0.006903836348684418,,0.0479469178426057,,-0.012174192430440028,,0.9867445237647195,,matched
f8d4e4a0284815907238717ce73c66fe15dbe632869f978cfd54f905b681ba41,0.5,2.0,250,0.5,1.0,0.0,0.5,euler,sigma,0.5,20,20,0,0.0,-0.05596351888794737,-0.11192703777589474,0.058002165088929566,0.11600433017785913,0.003496883640297285,0.0031708495343132684,0.00699376728059457,0.006341699068626537,,,0,not_computed_week3,conditional_on_success,not_computed,d027970362028d74549356c73c879afd38c074871d61a476b5bb0b1d9032b642,-0.10104019741158925,-0.2020803948231785,0.10282010775390665,,0.045076678523641875,0.09015335704728375,0.5641130548876104,,matched
f8d4e4a0284815907238717ce73c66fe15dbe632869f978cfd54f905b681ba41,0.5,2.0,250,0.5,1.0,0.0,0.5,exact,theta,1.0,20,20,0,0.0,0.0509967881644795,0.0509967881644795,0.1773552132039155,0.1773552132039155,0.03896975834744945,0.022881351846389706,0.03896975834744945,0.022881351846389706,,,0,not_computed_week3,conditional_on_success,not_computed,d027970362028d74549356c73c879afd38c074871d61a476b5bb0b1d9032b642,0.10005127389399227,0.10005127389399227,0.24494579467156616,,-0.049054485729512765,-0.049054485729512765,0.7240590247394163,,matched
f8d4e4a0284815907238717ce73c66fe15dbe632869f978cfd54f905b681ba41,0.5,2.0,250,0.5,1.0,0.0,0.5,exact,mu,0.0,20,20,0,0.0,-0.002571479665191465,,0.03867540820563983,,0.008853113315618291,0.004029974036889285,,,,,0,not_computed_week3,conditional_on_success,not_computed,d027970362028d74549356c73c879afd38c074871d61a476b5bb0b1d9032b642,0.006903837320813379,,0.04794691774418336,,-0.009475316986004845,,0.8066297068768661,,matched
f8d4e4a0284815907238717ce73c66fe15dbe632869f978cfd54f905b681ba41,0.5,2.0,250,0.5,1.0,0.0,0.5,exact,sigma,0.5,20,20,0,0.0,0.0022228663061259674,0.004445732612251935,0.019136407810786946,0.03827281562157389,0.004360474197328818,0.002876224775681124,0.008720948394657636,0.005752449551362248,,,0,not_computed_week3,conditional_on_success,not_computed,d027970362028d74549356c73c879afd38c074871d61a476b5bb0b1d9032b642,0.012642617520842132,0.025285235041684263,0.040033067490935055,,-0.010419751214716165,-0.02083950242943233,0.4780150263309232,,matched
f8d4e4a0284815907238717ce73c66fe15dbe632869f978cfd54f905b681ba41,0.5,2.0,250,0.5,1.0,0.0,0.5,pfml,theta,1.0,20,20,0,0.0,-0.4017307153267674,-0.4017307153267674,0.4349905351851442,0.4349905351851442,0.03827132915031413,0.03306488545149249,0.03827132915031413,0.03306488545149249,,,0,not_computed_week3,conditional_on_success,not_computed,d027970362028d74549356c73c879afd38c074871d61a476b5bb0b1d9032b642,0.10005127389399227,0.10005127389399227,0.24494579467156616,,-0.5017819892207597,-0.5017819892207597,1.7758644755195663,,matched
f8d4e4a0284815907238717ce73c66fe15dbe632869f978cfd54f905b681ba41,0.5,2.0,250,0.5,1.0,0.0,0.5,pfml,mu,0.0,20,20,0,0.0,-0.0010503142838107576,,0.04485228418307622,,0.010286998018307672,0.005412908497826157,,,,,0,not_computed_week3,conditional_on_success,not_computed,d027970362028d74549356c73c879afd38c074871d61a476b5bb0b1d9032b642,0.006903837320813379,,0.04794691774418336,,-0.007954151604624137,,0.935457090743178,,matched
f8d4e4a0284815907238717ce73c66fe15dbe632869f978cfd54f905b681ba41,0.5,2.0,250,0.5,1.0,0.0,0.5,pfml,sigma,0.5,20,20,0,0.0,-0.12422740733721342,-0.24845481467442684,0.13072866414272566,0.2614573282854513,0.009340164809814961,0.008823634968351545,0.018680329619629923,0.01764726993670309,,,0,not_computed_week3,conditional_on_success,not_computed,d027970362028d74549356c73c879afd38c074871d61a476b5bb0b1d9032b642,0.012642617520842132,0.025285235041684263,0.040033067490935055,,-0.13687002485805555,-0.2737400497161111,3.2655170421883706,,matched
