rep,theta,mu,sigma,success,nll,nit,status,message,n_starts,n_successful,selected_start,objective_gap,objective_tolerance
0,1.1783657090353372,0.010212205166552624,0.495765863043634,True,-491.2754495698732,14,0,CONVERGENCE: RELATIVE REDUCTION OF F <= FACTR*EPSMCH,3,3,1,0.0,5.9127544956987325e-08
1,1.0905207354701494,0.03550537539128119,0.5052639089825657,True,-468.0952393846409,14,0,CONVERGENCE: RELATIVE REDUCTION OF F <= FACTR*EPSMCH,3,3,1,0.0,5.6809523938464086e-08
2,0.819823410554663,0.007939051709718543,0.504358590155718,True,-456.79573960461903,11,0,CONVERGENCE: RELATIVE REDUCTION OF F <= FACTR*EPSMCH,3,3,0,0.0,5.56795739604619e-08
3,1.0843507115248274,0.026010937151730334,0.49880286686336944,True,-480.6552594449293,15,0,CONVERGENCE: RELATIVE REDUCTION OF F <= FACTR*EPSMCH,3,3,1,0.0,5.806552594449294e-08
4,1.0099720976502675,0.017058744657929916,0.4996443339379869,True,-475.38576055422027,10,0,CONVERGENCE: RELATIVE REDUCTION OF F <= FACTR*EPSMCH,3,3,0,0.0,5.7538576055422035e-08
5,0.7073672427699381,-0.08074061803358568,0.49481654021698784,True,-470.40279775600965,15,0,CONVERGENCE: RELATIVE REDUCTION OF F <= FACTR*EPSMCH,3,3,1,0.0,5.704027977560097e-08
6,0.6867763702925542,0.026242431357591963,0.48823357638804205,True,-482.77792269280536,6,0,CONVERGENCE: RELATIVE REDUCTION OF F <= FACTR*EPSMCH,3,3,0,0.0,5.8277792269280536e-08
7,0.8323158284307071,-0.041715821362202046,0.4987359126931601,True,-468.6021297425664,15,0,CONVERGENCE: RELATIVE REDUCTION OF F <= FACTR*EPSMCH,3,3,1,0.0,5.686021297425664e-08
8,1.0553647811868851,-0.08412367365406742,0.5194740499345863,True,-438.6937241035297,10,0,CONVERGENCE: RELATIVE REDUCTION OF F <= FACTR*EPSMCH,3,3,0,0.0,5.3869372410352976e-08
9,1.1283923678745782,0.016405655660993213,0.4995851069870709,True,-481.20864491837557,14,0,CONVERGENCE: RELATIVE REDUCTION OF F <= FACTR*EPSMCH,3,3,1,0.0,5.812086449183756e-08
10,0.9118603309521658,-0.036370587989931084,0.5098383450791484,True,-450.464969657296,15,0,CONVERGENCE: RELATIVE REDUCTION OF F <= FACTR*EPSMCH,3,3,1,0.0,5.504649696572961e-08
11,1.1544837202464178,-0.04325967834946265,0.5045201612786687,True,-472.6423556641923,14,0,CONVERGENCE: RELATIVE REDUCTION OF F <= FACTR*EPSMCH,3,3,1,0.0,5.7264235566419225e-08
12,1.2326474065105935,-0.029033700455358157,0.5055158145946615,True,-474.4218963968818,14,0,CONVERGENCE: RELATIVE REDUCTION OF F <= FACTR*EPSMCH,3,3,1,0.0,5.744218963968818e-08
13,1.1755649437156213,-0.013082468955095397,0.5096121289506454,True,-463.62244862959955,14,0,CONVERGENCE: RELATIVE REDUCTION OF F <= FACTR*EPSMCH,3,3,1,0.0,5.6362244862959956e-08
14,1.283509596242953,-0.006017083666212471,0.5215013386879774,True,-445.7546473394892,14,0,CONVERGENCE: RELATIVE REDUCTION OF F <= FACTR*EPSMCH,3,3,1,0.0,5.4575464733948927e-08
15,1.0170261188337097,-0.018413244572752584,0.5114098915815859,True,-452.47461100275694,14,0,CONVERGENCE: RELATIVE REDUCTION OF F <= FACTR*EPSMCH,3,3,1,0.0,5.52474611002757e-08
16,1.2777246758419494,-0.04085035564293511,0.5180488916725962,True,-452.11358952192694,14,0,CONVERGENCE: RELATIVE REDUCTION OF F <= FACTR*EPSMCH,3,3,1,0.0,5.52113589521927e-08
17,0.9368448555323691,-0.018360709115211787,0.5012141975633027,True,-468.71762206801986,11,0,CONVERGENCE: RELATIVE REDUCTION OF F <= FACTR*EPSMCH,3,3,2,0.0,5.687176220680199e-08
18,0.9845682080850627,-0.0184793764896602,0.5068817343662464,True,-459.79218128247726,12,0,CONVERGENCE: RELATIVE REDUCTION OF F <= FACTR*EPSMCH,3,3,2,0.0,5.597921812824772e-08
19,0.8017638834190127,0.06348376926360184,0.5110337994251702,True,-442.7829494849623,15,0,CONVERGENCE: RELATIVE REDUCTION OF F <= FACTR*EPSMCH,3,3,1,0.0,5.427829494849623e-08
20,1.3979026621118456,-0.04262465204406626,0.5269893602534789,True,-440.75547648631897,11,0,CONVERGENCE: RELATIVE REDUCTION OF F <= FACTR*EPSMCH,3,3,2,0.0,5.40755476486319e-08
21,1.1367852203564017,0.04858603875039601,0.4908833173329919,True,-499.16598225287754,9,0,CONVERGENCE: RELATIVE REDUCTION OF F <= FACTR*EPSMCH,3,3,0,0.0,5.991659822528775e-08
22,1.034200153389283,0.05880064726554731,0.497514709578395,True,-480.8218807922021,10,0,CONVERGENCE: RELATIVE REDUCTION OF F <= FACTR*EPSMCH,3,3,0,0.0,5.808218807922021e-08
23,1.0869420016750493,0.044981414738915725,0.5162060125465469,True,-446.5193393500504,14,0,CONVERGENCE: RELATIVE REDUCTION OF F <= FACTR*EPSMCH,3,3,1,0.0,5.465193393500505e-08
24,1.0072303996146128,-0.06515466805933944,0.5025817714589431,True,-469.3974491126787,11,0,CONVERGENCE: RELATIVE REDUCTION OF F <= FACTR*EPSMCH,3,3,2,0.0,5.693974491126788e-08
25,0.9277171737165355,0.02334131699121825,0.4913890016174059,True,-488.05351997955927,14,0,CONVERGENCE: RELATIVE REDUCTION OF F <= FACTR*EPSMCH,3,3,1,0.0,5.8805351997955933e-08
26,1.2907779744896417,-0.028399528526468373,0.5047292284466431,True,-478.7591852763221,15,0,CONVERGENCE: RELATIVE REDUCTION OF F <= FACTR*EPSMCH,3,3,1,0.0,5.787591852763222e-08
27,1.0284398705205628,-0.016700018629605552,0.5116902809244696,True,-452.47773569993404,15,0,CONVERGENCE: RELATIVE REDUCTION OF F <= FACTR*EPSMCH,3,3,1,0.0,5.524777356999341e-08
28,1.0790734022482706,0.03166563608073296,0.5159721256283686,True,-446.5932007709231,14,0,CONVERGENCE: RELATIVE REDUCTION OF F <= FACTR*EPSMCH,3,3,1,0.0,5.4659320077092316e-08
29,1.0212689449418784,0.06008818321103797,0.5315226847143315,True,-414.14345202128834,14,0,CONVERGENCE: RELATIVE REDUCTION OF F <= FACTR*EPSMCH,3,3,1,0.0,5.141434520212883e-08
30,0.9169837986969706,0.01697251410330356,0.5018609870734032,True,-466.4678636476504,7,0,CONVERGENCE: RELATIVE REDUCTION OF F <= FACTR*EPSMCH,3,3,0,0.0,5.6646786364765046e-08
31,1.160076286788426,0.032122285555264356,0.48228199160549995,True,-517.9446700503127,12,0,CONVERGENCE: RELATIVE REDUCTION OF F <= FACTR*EPSMCH,3,3,2,0.0,6.179446700503127e-08
32,1.0616312597634963,-0.018090237494919,0.5148736415606945,True,-447.8821426106689,15,0,CONVERGENCE: NORM OF PROJECTED GRADIENT <= PGTOL,3,3,1,0.0,5.478821426106689e-08
33,1.2132839015395838,0.021429339288676894,0.5077246009943923,True,-469.13858300179385,12,0,CONVERGENCE: RELATIVE REDUCTION OF F <= FACTR*EPSMCH,3,3,2,0.0,5.691385830017939e-08
34,1.0868167646332467,-0.060527916837076236,0.5066146818140407,True,-465.24977679401337,14,0,CONVERGENCE: RELATIVE REDUCTION OF F <= FACTR*EPSMCH,3,3,1,0.0,5.6524977679401336e-08
35,1.039490146152086,0.00550565721477808,0.49295322747620046,True,-490.2786027274493,15,0,CONVERGENCE: RELATIVE REDUCTION OF F <= FACTR*EPSMCH,3,3,1,0.0,5.902786027274494e-08
36,1.0338084740462932,0.06561810675424512,0.48188621640040125,True,-512.6881677231803,7,0,CONVERGENCE: RELATIVE REDUCTION OF F <= FACTR*EPSMCH,3,3,0,0.0,6.126881677231804e-08
37,0.7723669937597638,-0.016587784269983336,0.487540787308016,True,-488.36779622472216,15,0,CONVERGENCE: RELATIVE REDUCTION OF F <= FACTR*EPSMCH,3,3,1,0.0,5.883677962247222e-08
38,1.2768619350296104,-0.005204295321282747,0.5058451900311034,True,-475.8874458656924,11,0,CONVERGENCE: RELATIVE REDUCTION OF F <= FACTR*EPSMCH,3,3,2,0.0,5.758874458656924e-08
39,0.9624093358971137,0.017157560723483598,0.49062398887632863,True,-491.2883269045044,11,0,CONVERGENCE: RELATIVE REDUCTION OF F <= FACTR*EPSMCH,3,3,2,0.0,5.9128832690450436e-08
40,1.0902843196088896,-0.0323771012178573,0.507627380170559,True,-463.42173061891265,14,0,CONVERGENCE: RELATIVE REDUCTION OF F <= FACTR*EPSMCH,3,3,1,0.0,5.634217306189126e-08
41,0.927635075424022,0.017317828017541424,0.4999757015001542,True,-470.7434451801763,12,0,CONVERGENCE: RELATIVE REDUCTION OF F <= FACTR*EPSMCH,3,3,2,0.0,5.707434451801764e-08
42,0.8754491311691586,0.008292145022764638,0.5067543093774008,True,-454.7617233450095,15,0,CONVERGENCE: RELATIVE REDUCTION OF F <= FACTR*EPSMCH,3,3,1,0.0,5.547617233450095e-08
43,0.9312334448922494,-0.0013659495511329448,0.4931517955175678,True,-484.6463475571926,15,0,CONVERGENCE: RELATIVE REDUCTION OF F <= FACTR*EPSMCH,3,3,1,0.0,5.846463475571926e-08
44,1.23094274585193,-0.12911770294833372,0.5099671358055092,True,-465.58204887704426,12,0,CONVERGENCE: RELATIVE REDUCTION OF F <= FACTR*EPSMCH,3,3,2,0.0,5.6558204887704433e-08
45,0.8703104933867307,0.041922201697702804,0.5095329081905124,True,-449.04983156127867,12,0,CONVERGENCE: NORM OF PROJECTED GRADIENT <= PGTOL,3,3,2,0.0,5.490498315612787e-08
46,1.0072407471763858,-0.023758774567637496,0.5052888137674654,True,-464.03149582988686,15,0,CONVERGENCE: RELATIVE REDUCTION OF F <= FACTR*EPSMCH,3,3,1,0.0,5.6403149582988693e-08
47,1.1271827716454959,-0.024212184653312416,0.48576130873016016,True,-509.18302101517315,11,0,CONVERGENCE: RELATIVE REDUCTION OF F <= FACTR*EPSMCH,3,3,2,0.0,6.091830210151732e-08
48,1.099356316110824,0.005885969004840704,0.4967592651002888,True,-485.4788571448172,7,0,CONVERGENCE: RELATIVE REDUCTION OF F <= FACTR*EPSMCH,3,3,0,0.0,5.854788571448172e-08
49,1.2386556992645512,0.008338886119512733,0.5177666509632405,True,-450.78827319028267,12,0,CONVERGENCE: RELATIVE REDUCTION OF F <= FACTR*EPSMCH,3,3,2,0.0,5.507882731902827e-08
50,0.9344204669897573,0.05852038818296452,0.4836961738973994,True,-504.14129230720107,14,0,CONVERGENCE: RELATIVE REDUCTION OF F <= FACTR*EPSMCH,3,3,1,0.0,6.041412923072011e-08
51,0.9498769766480176,0.018301511290768114,0.4863139144191027,True,-499.49714673915804,14,0,CONVERGENCE: RELATIVE REDUCTION OF F <= FACTR*EPSMCH,3,3,1,0.0,5.994971467391581e-08
52,0.97614327818852,-0.02044808898887204,0.48541111772381845,True,-502.6233441584811,12,0,CONVERGENCE: RELATIVE REDUCTION OF F <= FACTR*EPSMCH,3,3,2,0.0,6.026233441584811e-08
53,0.9019166781214442,-0.018506770587067407,0.5080951446931337,True,-453.4048511721334,12,0,CONVERGENCE: RELATIVE REDUCTION OF F <= FACTR*EPSMCH,3,3,2,0.0,5.534048511721335e-08
54,1.058730283496703,-0.06284689045316272,0.4942249549395148,True,-488.63215516682186,7,0,CONVERGENCE: RELATIVE REDUCTION OF F <= FACTR*EPSMCH,3,3,0,0.0,5.8863215516682185e-08
55,1.1188173945480453,0.03579512430271489,0.5112101816851298,True,-457.76841927847613,15,0,CONVERGENCE: RELATIVE REDUCTION OF F <= FACTR*EPSMCH,3,3,1,0.0,5.577684192784761e-08
56,1.1094718413951894,-0.03440023446871457,0.49756261785576117,True,-484.3512826105529,12,0,CONVERGENCE: RELATIVE REDUCTION OF F <= FACTR*EPSMCH,3,3,2,0.0,5.84351282610553e-08
57,0.8363921456783394,0.048910632908130455,0.46624357103526476,True,-536.1012494644945,12,0,CONVERGENCE: RELATIVE REDUCTION OF F <= FACTR*EPSMCH,3,3,2,0.0,6.361012494644945e-08
58,0.9739257804575329,-0.01764936758710359,0.4905114154185634,True,-492.0742599961524,12,0,CONVERGENCE: RELATIVE REDUCTION OF F <= FACTR*EPSMCH,3,3,2,0.0,5.920742599961524e-08
59,1.0260869935049501,-0.02452221876777381,0.48769373369223257,True,-500.34810610903486,14,0,CONVERGENCE: RELATIVE REDUCTION OF F <= FACTR*EPSMCH,3,3,1,0.0,6.003481061090349e-08
60,1.0443410896995036,-0.025845381763832706,0.4953116223480391,True,-485.74446449463596,14,0,CONVERGENCE: RELATIVE REDUCTION OF F <= FACTR*EPSMCH,3,3,1,0.0,5.85744464494636e-08
61,0.9271736738671661,0.002057734041578934,0.4777179318329267,True,-516.2146083086618,9,0,CONVERGENCE: RELATIVE REDUCTION OF F <= FACTR*EPSMCH,3,3,0,0.0,6.162146083086618e-08
62,1.1104152621755146,0.03448552211628356,0.4900017354463572,True,-499.6938315004162,12,0,CONVERGENCE: NORM OF PROJECTED GRADIENT <= PGTOL,3,3,2,0.0,5.996938315004162e-08
63,1.1839152896267808,-0.02879081137273166,0.5091550546085271,True,-464.9195679549598,14,0,CONVERGENCE: NORM OF PROJECTED GRADIENT <= PGTOL,3,3,1,0.0,5.649195679549598e-08
64,1.1290309678153634,-0.061927485818042,0.5103985196599073,True,-459.84688076767577,11,0,CONVERGENCE: RELATIVE REDUCTION OF F <= FACTR*EPSMCH,3,3,2,0.0,5.5984688076767577e-08
65,1.295895674511267,-0.03134018062939922,0.5021702317590006,True,-484.08166250036595,10,0,CONVERGENCE: NORM OF PROJECTED GRADIENT <= PGTOL,3,3,0,0.0,5.840816625003659e-08
66,1.0039386860149682,0.0753129324391361,0.49015216194305367,True,-494.2559628704621,7,0,CONVERGENCE: RELATIVE REDUCTION OF F <= FACTR*EPSMCH,3,3,0,0.0,5.9425596287046214e-08
67,0.9679476356496163,0.00044042178608420915,0.5028407784622311,True,-466.98511540968093,8,0,CONVERGENCE: RELATIVE REDUCTION OF F <= FACTR*EPSMCH,3,3,0,0.0,5.66985115409681e-08
68,1.0646514077390574,0.02304272885845559,0.5034342682632468,True,-470.47354751788964,14,0,CONVERGENCE: RELATIVE REDUCTION OF F <= FACTR*EPSMCH,3,3,1,0.0,5.704735475178897e-08
69,1.1245784138087354,0.03369712432956189,0.5253496365785654,True,-430.7895153403043,10,0,CONVERGENCE: RELATIVE REDUCTION OF F <= FACTR*EPSMCH,3,3,0,0.0,5.307895153403044e-08
70,0.7713312382092636,0.06720978882531707,0.49376075909581635,True,-475.65291259971366,15,0,CONVERGENCE: RELATIVE REDUCTION OF F <= FACTR*EPSMCH,3,3,1,0.0,5.756529125997136e-08
71,0.9594393518844868,0.021797370465459983,0.48164707207787066,True,-509.5926370022121,10,0,CONVERGENCE: RELATIVE REDUCTION OF F <= FACTR*EPSMCH,3,3,0,0.0,6.095926370022121e-08
72,1.0927553954950437,-0.07056152164853932,0.4982698808006719,True,-482.12788681527934,7,0,CONVERGENCE: NORM OF PROJECTED GRADIENT <= PGTOL,3,3,0,0.0,5.821278868152794e-08
73,1.0390298182404412,0.05560165130400667,0.49309913101781083,True,-489.96077008908674,10,0,CONVERGENCE: RELATIVE REDUCTION OF F <= FACTR*EPSMCH,3,3,0,0.0,5.899607700890868e-08
74,1.0494060746745775,-0.10888294072603877,0.494671127361791,True,-487.28129875463895,14,0,CONVERGENCE: RELATIVE REDUCTION OF F <= FACTR*EPSMCH,3,3,1,0.0,5.87281298754639e-08
75,0.8585627980658289,0.05137498532327673,0.4903996845675959,True,-486.71535830916446,12,0,CONVERGENCE: RELATIVE REDUCTION OF F <= FACTR*EPSMCH,3,3,2,0.0,5.867153583091644e-08
76,1.2178708284557997,0.02952054332943493,0.4815457699387193,True,-522.2433845388455,14,0,CONVERGENCE: NORM OF PROJECTED GRADIENT <= PGTOL,3,3,1,0.0,6.222433845388455e-08
77,0.782331706021136,-0.08197509506459473,0.5101483054598942,True,-443.57044939299055,15,0,CONVERGENCE: RELATIVE REDUCTION OF F <= FACTR*EPSMCH,3,3,1,0.0,5.435704493929906e-08
78,1.189778799090578,0.0022830727248845046,0.5142639832033752,True,-455.22673515519455,15,0,CONVERGENCE: RELATIVE REDUCTION OF F <= FACTR*EPSMCH,3,3,1,0.0,5.552267351551945e-08
79,0.9973856462351796,-0.04899169597983942,0.5035967356612295,True,-466.90668767399757,10,0,CONVERGENCE: RELATIVE REDUCTION OF F <= FACTR*EPSMCH,3,3,0,0.0,5.6690668767399755e-08
80,1.1891307336532457,-0.027455112332474853,0.5085351728442201,True,-466.3867811203984,14,0,CONVERGENCE: NORM OF PROJECTED GRADIENT <= PGTOL,3,3,1,0.0,5.6638678112039846e-08
81,0.9171620863997823,0.07477425414301746,0.5005335230748525,True,-469.1224272466526,11,0,CONVERGENCE: RELATIVE REDUCTION OF F <= FACTR*EPSMCH,3,3,0,0.0,5.6912242724665265e-08
82,1.0635810258414036,0.10215261846657869,0.48845282075642554,True,-500.60203811549655,10,0,CONVERGENCE: RELATIVE REDUCTION OF F <= FACTR*EPSMCH,3,3,0,0.0,6.006020381154966e-08
83,0.9349090561174364,0.09372528410906772,0.4924146226062231,True,-486.3186773793231,10,0,CONVERGENCE: RELATIVE REDUCTION OF F <= FACTR*EPSMCH,3,3,0,0.0,5.863186773793231e-08
84,0.8870929180616337,-0.022769457571421358,0.5111463026249111,True,-446.7053261712367,15,0,CONVERGENCE: RELATIVE REDUCTION OF F <= FACTR*EPSMCH,3,3,1,0.0,5.467053261712368e-08
85,0.8973584989904209,0.04276772782982916,0.5071241719418469,True,-455.09491055345836,8,0,CONVERGENCE: RELATIVE REDUCTION OF F <= FACTR*EPSMCH,3,3,0,0.0,5.550949105534584e-08
86,0.6898870732124528,0.04111721292636294,0.4894436285830159,True,-480.4568521414188,15,0,CONVERGENCE: RELATIVE REDUCTION OF F <= FACTR*EPSMCH,3,3,1,0.0,5.804568521414188e-08
87,0.9528065390160358,0.03308314061707318,0.5143762218744401,True,-443.5943294320218,12,0,CONVERGENCE: RELATIVE REDUCTION OF F <= FACTR*EPSMCH,3,3,2,0.0,5.435943294320218e-08
88,0.974193695633288,0.027645603394480623,0.4990594263741679,True,-474.827869377927,14,0,CONVERGENCE: RELATIVE REDUCTION OF F <= FACTR*EPSMCH,3,3,1,0.0,5.7482786937792703e-08
89,0.8918233442495445,-0.015130922849025766,0.4995267561452801,True,-469.9062992319617,12,0,CONVERGENCE: RELATIVE REDUCTION OF F <= FACTR*EPSMCH,3,3,2,0.0,5.699062992319618e-08
90,0.8467551588420756,-0.04650817921894313,0.49454663843408686,True,-477.73002145912477,15,0,CONVERGENCE: RELATIVE REDUCTION OF F <= FACTR*EPSMCH,3,3,1,0.0,5.777300214591248e-08
91,0.9565609543615607,-0.05102558109651113,0.48285750019080603,True,-506.94602511306175,12,0,CONVERGENCE: RELATIVE REDUCTION OF F <= FACTR*EPSMCH,3,3,2,0.0,6.069460251130617e-08
92,1.0661726373753362,0.01401819541870569,0.5079032999144564,True,-461.7177515368688,14,0,CONVERGENCE: RELATIVE REDUCTION OF F <= FACTR*EPSMCH,3,3,1,0.0,5.6171775153686875e-08
93,0.9709731460117789,-0.030200679790039587,0.5067651047324487,True,-459.36512326571744,14,0,CONVERGENCE: RELATIVE REDUCTION OF F <= FACTR*EPSMCH,3,3,1,0.0,5.593651232657175e-08
94,1.1713225076969964,-0.05124169460126975,0.4966136508540475,True,-489.2305239824102,14,0,CONVERGENCE: NORM OF PROJECTED GRADIENT <= PGTOL,3,3,1,0.0,5.892305239824102e-08
95,1.3222303430001554,-0.0052926914531176905,0.512630583951523,True,-464.7440570248207,11,0,CONVERGENCE: RELATIVE REDUCTION OF F <= FACTR*EPSMCH,3,3,2,0.0,5.647440570248207e-08
96,1.0791729734819762,-0.0024238624718920633,0.4880469642900078,True,-502.1834792408756,14,0,CONVERGENCE: RELATIVE REDUCTION OF F <= FACTR*EPSMCH,3,3,1,0.0,6.021834792408757e-08
97,0.9866711702468162,-0.1366254927757566,0.49706894300185045,True,-479.4232106174121,14,0,CONVERGENCE: RELATIVE REDUCTION OF F <= FACTR*EPSMCH,3,3,1,0.0,5.7942321061741214e-08
98,0.7838321141149717,0.06590050242991646,0.5097759330806783,True,-444.37290656675486,15,0,CONVERGENCE: RELATIVE REDUCTION OF F <= FACTR*EPSMCH,3,3,1,0.0,5.4437290656675494e-08
99,1.2495158419530403,-0.0850325486521516,0.5052439469332216,True,-475.76706276042415,14,0,CONVERGENCE: RELATIVE REDUCTION OF F <= FACTR*EPSMCH,3,3,1,0.0,5.757670627604242e-08
100,1.2393702615299167,0.05281983300861513,0.5184774408525594,True,-449.45200467312463,12,0,CONVERGENCE: RELATIVE REDUCTION OF F <= FACTR*EPSMCH,3,3,2,0.0,5.494520046731246e-08
101,1.1177053872231786,-0.016021962639963992,0.4685946156920006,True,-544.6706890879209,11,0,CONVERGENCE: RELATIVE REDUCTION OF F <= FACTR*EPSMCH,3,3,2,0.0,6.446706890879209e-08
102,0.9500959747389573,-0.004219272537122832,0.49741927744612086,True,-476.9513593962744,12,0,CONVERGENCE: RELATIVE REDUCTION OF F <= FACTR*EPSMCH,3,3,2,0.0,5.769513593962744e-08
103,1.1278788372391177,-0.0742311382376181,0.49725268269898426,True,-485.8589284862442,7,0,CONVERGENCE: RELATIVE REDUCTION OF F <= FACTR*EPSMCH,3,3,0,0.0,5.858589284862443e-08
104,0.8670202615508646,-0.07323057315204244,0.4980169916482299,True,-471.7276273602964,12,0,CONVERGENCE: RELATIVE REDUCTION OF F <= FACTR*EPSMCH,3,3,2,0.0,5.717276273602964e-08
105,0.8976814420174696,0.037764307393377085,0.48926209149982514,True,-490.93227295317763,12,0,CONVERGENCE: RELATIVE REDUCTION OF F <= FACTR*EPSMCH,3,3,2,0.0,5.909322729531776e-08
106,1.0366753736373613,-0.0754179505491792,0.5078046514477288,True,-460.49001730809994,15,0,CONVERGENCE: RELATIVE REDUCTION OF F <= FACTR*EPSMCH,3,3,1,0.0,5.604900173081e-08
107,0.812839800914061,0.04161800947996197,0.5048795828606853,True,-455.4249799359216,12,0,CONVERGENCE: RELATIVE REDUCTION OF F <= FACTR*EPSMCH,3,3,2,0.0,5.554249799359216e-08
108,1.4058851300049842,-0.04409761741677563,0.4871773398392117,True,-519.6091999915316,13,0,CONVERGENCE: NORM OF PROJECTED GRADIENT <= PGTOL,3,3,1,0.0,6.196091999915316e-08
109,0.7436225756634512,-0.05307174582182321,0.47834284325916626,True,-505.99545805530016,15,0,CONVERGENCE: RELATIVE REDUCTION OF F <= FACTR*EPSMCH,3,3,1,0.0,6.059954580553002e-08
110,1.1678511267276508,0.020618586483970098,0.4997271222611322,True,-482.8202965489122,10,0,CONVERGENCE: RELATIVE REDUCTION OF F <= FACTR*EPSMCH,3,3,0,0.0,5.828202965489122e-08
111,1.1326105647403475,0.005155624577605939,0.501337834361062,True,-477.91268652474673,11,0,CONVERGENCE: NORM OF PROJECTED GRADIENT <= PGTOL,3,3,2,0.0,5.779126865247468e-08
112,0.9941286021633612,0.0074506869467136725,0.5063545996001225,True,-461.29344163794156,12,0,CONVERGENCE: RELATIVE REDUCTION OF F <= FACTR*EPSMCH,3,3,2,0.0,5.612934416379415e-08
113,0.7765326976523785,0.004004095490462068,0.5085500499627613,True,-446.4230054632122,15,0,CONVERGENCE: RELATIVE REDUCTION OF F <= FACTR*EPSMCH,3,3,1,0.0,5.464230054632121e-08
114,0.885681299851923,0.004849546444591337,0.4921439069644068,True,-484.48369677429014,8,0,CONVERGENCE: RELATIVE REDUCTION OF F <= FACTR*EPSMCH,3,3,0,0.0,5.844836967742901e-08
115,0.8362593453790892,0.04145704644107904,0.48481137296990906,True,-497.08213187768564,14,0,CONVERGENCE: RELATIVE REDUCTION OF F <= FACTR*EPSMCH,3,3,1,0.0,5.970821318776857e-08
116,1.0240613613450888,0.09588533284778906,0.5140107659501879,True,-447.74634266261864,14,0,CONVERGENCE: RELATIVE REDUCTION OF F <= FACTR*EPSMCH,3,3,1,0.0,5.4774634266261864e-08
117,0.8747555235260974,0.06127887595419176,0.5050810231160905,True,-458.0322069561787,10,0,CONVERGENCE: RELATIVE REDUCTION OF F <= FACTR*EPSMCH,3,3,0,0.0,5.580322069561787e-08
118,1.0477961363308925,-0.0368233532924361,0.4729460639215485,True,-532.0705748210055,12,0,CONVERGENCE: RELATIVE REDUCTION OF F <= FACTR*EPSMCH,3,3,2,0.0,6.320705748210055e-08
119,1.1795939293237496,0.042628374415756363,0.5033204851334483,True,-476.22616693904655,11,0,CONVERGENCE: RELATIVE REDUCTION OF F <= FACTR*EPSMCH,3,3,2,0.0,5.762261669390466e-08
120,0.9064944872948879,-0.004279068457603589,0.49819294346235865,True,-473.2882200935944,10,0,CONVERGENCE: RELATIVE REDUCTION OF F <= FACTR*EPSMCH,3,3,0,0.0,5.732882200935945e-08
121,0.9924707295680592,-0.010043258327718702,0.5180147803917268,True,-438.46957885070844,12,0,CONVERGENCE: NORM OF PROJECTED GRADIENT <= PGTOL,3,3,2,0.0,5.384695788507085e-08
122,0.8909448898857139,-0.05887697086177705,0.4853141753173995,True,-498.6995570173327,15,0,CONVERGENCE: RELATIVE REDUCTION OF F <= FACTR*EPSMCH,3,3,1,0.0,5.986995570173327e-08
123,1.2604224697114268,0.004155427688023851,0.500250275054888,True,-486.21200214549447,15,0,CONVERGENCE: RELATIVE REDUCTION OF F <= FACTR*EPSMCH,3,3,1,0.0,5.862120021454945e-08
124,0.9058326222703706,0.016113916184148775,0.49615408175178183,True,-477.35296583217234,15,0,CONVERGENCE: RELATIVE REDUCTION OF F <= FACTR*EPSMCH,3,3,1,0.0,5.773529658321724e-08
125,1.340633391834353,0.05152391148320061,0.5187468572038308,True,-453.7738672373506,11,0,CONVERGENCE: RELATIVE REDUCTION OF F <= FACTR*EPSMCH,3,3,2,0.0,5.5377386723735064e-08
126,0.8501505048588149,0.016445628858994137,0.49896695109024575,True,-469.0053318643194,10,0,CONVERGENCE: RELATIVE REDUCTION OF F <= FACTR*EPSMCH,3,3,0,0.0,5.690053318643194e-08
127,0.9799967140459025,-0.024319885362271886,0.5101763352492319,True,-453.09907567015154,9,0,CONVERGENCE: RELATIVE REDUCTION OF F <= FACTR*EPSMCH,3,3,0,0.0,5.530990756701516e-08
128,0.9968443370959491,0.029470801145882117,0.495635174836556,True,-482.80029899435823,14,0,CONVERGENCE: RELATIVE REDUCTION OF F <= FACTR*EPSMCH,3,3,1,0.0,5.828002989943582e-08
129,1.020945952920666,-0.04447362162802658,0.5013929847497596,True,-472.4251975396395,11,0,CONVERGENCE: RELATIVE REDUCTION OF F <= FACTR*EPSMCH,3,3,2,0.0,5.724251975396395e-08
130,1.0335913134805614,0.019083050097949094,0.49163431659008683,True,-492.67056733934504,8,0,CONVERGENCE: RELATIVE REDUCTION OF F <= FACTR*EPSMCH,3,3,0,0.0,5.92670567339345e-08
131,0.9681025189183494,0.07738563096789498,0.5097774085578801,True,-453.3057056749566,8,0,CONVERGENCE: NORM OF PROJECTED GRADIENT <= PGTOL,3,3,0,0.0,5.533057056749566e-08
132,1.032842948755559,-0.03252977130469564,0.5035719171534281,True,-468.66710865272523,8,0,CONVERGENCE: RELATIVE REDUCTION OF F <= FACTR*EPSMCH,3,3,0,0.0,5.686671086527253e-08
133,1.157310500871512,-0.014899838988186259,0.511428020799046,True,-459.19266670752756,14,0,CONVERGENCE: RELATIVE REDUCTION OF F <= FACTR*EPSMCH,3,3,1,0.0,5.591926667075276e-08
134,1.0750084071167398,-0.0503269176805794,0.5160067485671711,True,-446.3304259115531,15,0,CONVERGENCE: RELATIVE REDUCTION OF F <= FACTR*EPSMCH,3,3,1,0.0,5.463304259115531e-08
135,1.210482727464731,0.04207535298045287,0.5007896648899003,True,-482.74355225623833,7,0,CONVERGENCE: NORM OF PROJECTED GRADIENT <= PGTOL,3,3,0,0.0,5.8274355225623836e-08
136,0.7999973865060583,-0.05912757137968465,0.5140991545529081,True,-436.72261850707616,15,0,CONVERGENCE: RELATIVE REDUCTION OF F <= FACTR*EPSMCH,3,3,1,0.0,5.3672261850707614e-08
137,1.2028007366444724,0.0001415786852028526,0.4781506613191993,True,-528.5892976727023,11,0,CONVERGENCE: RELATIVE REDUCTION OF F <= FACTR*EPSMCH,3,3,2,0.0,6.285892976727022e-08
138,1.0401524622697063,0.008315417104268117,0.5072365890837912,True,-461.77585331504883,10,0,CONVERGENCE: RELATIVE REDUCTION OF F <= FACTR*EPSMCH,3,3,0,0.0,5.617758533150489e-08
139,1.0810935411630407,-0.02287474249679631,0.5110436805777352,True,-456.27856899686105,7,0,CONVERGENCE: RELATIVE REDUCTION OF F <= FACTR*EPSMCH,3,3,0,0.0,5.562785689968611e-08
140,0.7916791716867284,0.0330249416365886,0.5080647177811457,True,-448.113658086565,15,0,CONVERGENCE: RELATIVE REDUCTION OF F <= FACTR*EPSMCH,3,3,1,0.0,5.4811365808656506e-08
141,1.0608996709370853,0.06028790527264155,0.4981390127683943,True,-480.8561784579685,7,0,CONVERGENCE: RELATIVE REDUCTION OF F <= FACTR*EPSMCH,3,3,0,0.0,5.8085617845796857e-08
142,0.8264335595930714,-0.047597300563249324,0.4935524336322957,True,-478.75360014646316,12,0,CONVERGENCE: RELATIVE REDUCTION OF F <= FACTR*EPSMCH,3,3,2,0.0,5.7875360014646314e-08
143,1.0273625355673421,-0.04046758499316984,0.49210364807040446,True,-491.4168802704122,11,0,CONVERGENCE: RELATIVE REDUCTION OF F <= FACTR*EPSMCH,3,3,2,0.0,5.914168802704122e-08
144,0.973115094697266,-0.02982845990124969,0.4877767017614544,True,-497.62031860269826,12,0,CONVERGENCE: RELATIVE REDUCTION OF F <= FACTR*EPSMCH,3,3,2,0.0,5.976203186026983e-08
145,0.8735445509739059,-0.012262762624084121,0.4966617392203001,True,-474.76634353030033,15,0,CONVERGENCE: RELATIVE REDUCTION OF F <= FACTR*EPSMCH,3,3,1,0.0,5.747663435303003e-08
146,1.013463631117842,0.002759031553535483,0.5031537155270426,True,-468.56208259061543,8,0,CONVERGENCE: RELATIVE REDUCTION OF F <= FACTR*EPSMCH,3,3,0,0.0,5.685620825906155e-08
147,1.0977318897508208,-0.0741337915534565,0.5188270097985426,True,-441.9791747507387,9,0,CONVERGENCE: RELATIVE REDUCTION OF F <= FACTR*EPSMCH,3,3,0,0.0,5.419791747507387e-08
148,1.0498011275370989,0.0458884764208801,0.4922966461241604,True,-492.10720496386034,14,0,CONVERGENCE: RELATIVE REDUCTION OF F <= FACTR*EPSMCH,3,3,1,0.0,5.921072049638603e-08
149,0.9266744979933559,0.0030111072796562776,0.515908957494165,True,-439.35750746158163,14,0,CONVERGENCE: RELATIVE REDUCTION OF F <= FACTR*EPSMCH,3,3,1,0.0,5.393575074615816e-08
150,1.1110228550755217,-0.07880051372826756,0.5016762660677472,True,-476.2005148710611,14,0,CONVERGENCE: RELATIVE REDUCTION OF F <= FACTR*EPSMCH,3,3,1,0.0,5.762005148710612e-08
151,1.1251646234838049,0.059128931141383415,0.4910493138622239,True,-498.2696411987213,14,0,CONVERGENCE: NORM OF PROJECTED GRADIENT <= PGTOL,3,3,1,0.0,5.982696411987213e-08
152,0.92051599106689,-0.030927575324527525,0.4999894139256107,True,-470.3713956206293,16,0,CONVERGENCE: RELATIVE REDUCTION OF F <= FACTR*EPSMCH,3,3,1,0.0,5.703713956206294e-08
153,1.1650373129616998,0.022680442945163224,0.4970424807471787,True,-488.06652085609807,9,0,CONVERGENCE: RELATIVE REDUCTION OF F <= FACTR*EPSMCH,3,3,0,0.0,5.8806652085609805e-08
154,1.126653245384674,-0.023241437382222768,0.49113342307074986,True,-498.17011517740696,11,0,CONVERGENCE: RELATIVE REDUCTION OF F <= FACTR*EPSMCH,3,3,2,0.0,5.98170115177407e-08
155,1.082512811431221,-0.0476591397974026,0.5181278911502459,True,-442.59363937476445,14,0,CONVERGENCE: RELATIVE REDUCTION OF F <= FACTR*EPSMCH,3,3,1,0.0,5.425936393747644e-08
156,0.9468702103187694,0.011098526781183199,0.49761689325637426,True,-476.39852836866316,14,0,CONVERGENCE: RELATIVE REDUCTION OF F <= FACTR*EPSMCH,3,3,1,0.0,5.763985283686631e-08
157,1.0404111466257528,0.019971358888257833,0.5055991310966806,True,-465.01851881789474,10,0,CONVERGENCE: RELATIVE REDUCTION OF F <= FACTR*EPSMCH,3,3,0,0.0,5.6501851881789476e-08
158,1.3025534358975608,0.009067780733244643,0.489465564508498,True,-509.99926892651814,11,0,CONVERGENCE: RELATIVE REDUCTION OF F <= FACTR*EPSMCH,3,3,2,0.0,6.099992689265181e-08
159,1.3069345125083092,0.013581539793672171,0.4890781242754685,True,-510.9996732244342,11,0,CONVERGENCE: RELATIVE REDUCTION OF F <= FACTR*EPSMCH,3,3,2,0.0,6.109996732244342e-08
160,0.7846478567355709,0.0133204070236416,0.4998224617130584,True,-464.11119119199236,15,0,CONVERGENCE: RELATIVE REDUCTION OF F <= FACTR*EPSMCH,3,3,1,0.0,5.641111911919924e-08
161,1.4281379782196377,-0.0036407060363736437,0.5093938750001263,True,-476.11957699264576,14,0,CONVERGENCE: RELATIVE REDUCTION OF F <= FACTR*EPSMCH,3,3,1,0.0,5.761195769926457e-08
162,1.0236082220813616,0.03553618731669876,0.48424320106148766,True,-507.3217615578262,13,0,CONVERGENCE: RELATIVE REDUCTION OF F <= FACTR*EPSMCH,3,3,1,0.0,6.073217615578263e-08
163,0.8767400003666084,0.004189095216518654,0.49898323048017784,True,-470.26266964833724,6,0,CONVERGENCE: RELATIVE REDUCTION OF F <= FACTR*EPSMCH,3,3,0,0.0,5.702626696483372e-08
164,1.0707372577063012,-0.07384276037260107,0.5032206648390188,True,-471.1906815550624,9,0,CONVERGENCE: RELATIVE REDUCTION OF F <= FACTR*EPSMCH,3,3,0,0.0,5.711906815550624e-08
165,1.0257490536636915,0.030250058207734517,0.5124787776973984,True,-450.8097029337614,8,0,CONVERGENCE: RELATIVE REDUCTION OF F <= FACTR*EPSMCH,3,3,0,0.0,5.508097029337615e-08
166,1.1580956253200714,0.02623363852278321,0.49718790742961,True,-487.4409472860413,15,0,CONVERGENCE: RELATIVE REDUCTION OF F <= FACTR*EPSMCH,3,3,1,0.0,5.874409472860413e-08
167,1.0869086074566663,-0.01753516392301688,0.5216050860556092,True,-436.1233117343412,14,0,CONVERGENCE: RELATIVE REDUCTION OF F <= FACTR*EPSMCH,3,3,1,0.0,5.3612331173434125e-08
168,0.8192362600572825,-0.03130454801343242,0.4781799452608811,True,-510.01430103771395,12,0,CONVERGENCE: RELATIVE REDUCTION OF F <= FACTR*EPSMCH,3,3,2,0.0,6.10014301037714e-08
169,0.958867273761068,0.05476435098367282,0.5071587367189517,True,-458.0041963317934,14,0,CONVERGENCE: RELATIVE REDUCTION OF F <= FACTR*EPSMCH,3,3,1,0.0,5.5800419633179344e-08
170,0.7457328233916705,0.013960756719913701,0.48560901393458694,True,-491.03724809747683,15,0,CONVERGENCE: RELATIVE REDUCTION OF F <= FACTR*EPSMCH,3,3,1,0.0,5.9103724809747684e-08
171,1.0726269123977428,-0.02601251901983211,0.5160544162699001,True,-446.1234477202257,14,0,CONVERGENCE: RELATIVE REDUCTION OF F <= FACTR*EPSMCH,3,3,1,0.0,5.461234477202257e-08
172,1.2231008748670773,-0.00943017366696111,0.48625436288395074,True,-512.7731461034762,10,0,CONVERGENCE: RELATIVE REDUCTION OF F <= FACTR*EPSMCH,3,3,0,0.0,6.127731461034762e-08
173,1.1758111705995047,0.0873855224942786,0.4917427899542296,True,-499.2926757400655,15,0,CONVERGENCE: RELATIVE REDUCTION OF F <= FACTR*EPSMCH,3,3,1,0.0,5.992926757400655e-08
174,1.008913100402058,-0.01715765521345784,0.5088250179286575,True,-457.1451893360618,7,0,CONVERGENCE: RELATIVE REDUCTION OF F <= FACTR*EPSMCH,3,3,0,0.0,5.571451893360618e-08
175,0.9371586494847196,0.0015142166436530407,0.49401500656161146,True,-483.185981631808,9,0,CONVERGENCE: RELATIVE REDUCTION OF F <= FACTR*EPSMCH,3,3,0,0.0,5.8318598163180797e-08
176,1.02076619988641,-0.0143526763331131,0.5160593548882172,True,-443.61375238146763,14,0,CONVERGENCE: RELATIVE REDUCTION OF F <= FACTR*EPSMCH,3,3,1,0.0,5.436137523814677e-08
177,0.9681337247162518,0.038319699986138774,0.5128962631633441,True,-447.2138769196837,15,0,CONVERGENCE: RELATIVE REDUCTION OF F <= FACTR*EPSMCH,3,3,1,0.0,5.4721387691968364e-08
178,1.108791856630275,0.0101544252975541,0.5024006850191921,True,-474.651669426973,6,0,CONVERGENCE: RELATIVE REDUCTION OF F <= FACTR*EPSMCH,3,3,0,0.0,5.74651669426973e-08
179,1.1321610229591563,0.018137901441004783,0.5063586336342866,True,-467.93605268352246,14,0,CONVERGENCE: RELATIVE REDUCTION OF F <= FACTR*EPSMCH,3,3,1,0.0,5.679360526835225e-08
180,0.9741113438030158,0.035514851147451315,0.5098534785108817,True,-453.44707474869324,14,0,CONVERGENCE: RELATIVE REDUCTION OF F <= FACTR*EPSMCH,3,3,1,0.0,5.534470747486932e-08
181,0.9044883175216937,-0.014744534740809254,0.5099288644359583,True,-449.9305374193199,12,0,CONVERGENCE: RELATIVE REDUCTION OF F <= FACTR*EPSMCH,3,3,2,0.0,5.499305374193199e-08
182,0.9618230865278397,0.005051014060404713,0.5005952521004836,True,-471.1602364605095,12,0,CONVERGENCE: RELATIVE REDUCTION OF F <= FACTR*EPSMCH,3,3,2,0.0,5.711602364605095e-08
183,1.0832795783628493,-0.026825780203792147,0.5119797378000286,True,-454.5556709553919,14,0,CONVERGENCE: RELATIVE REDUCTION OF F <= FACTR*EPSMCH,3,3,1,0.0,5.5455567095539197e-08
184,1.2434998139639806,0.004893424563404898,0.4988031606342338,True,-488.2960304876183,10,0,CONVERGENCE: RELATIVE REDUCTION OF F <= FACTR*EPSMCH,3,3,0,0.0,5.882960304876183e-08
185,0.9523105288383522,0.024925981160801084,0.48365555779535463,True,-505.09069734941903,15,0,CONVERGENCE: RELATIVE REDUCTION OF F <= FACTR*EPSMCH,3,3,1,0.0,6.05090697349419e-08
186,0.9905699237777554,-0.012653477895487689,0.5105133498594547,True,-452.95017335584794,14,0,CONVERGENCE: RELATIVE REDUCTION OF F <= FACTR*EPSMCH,3,3,1,0.0,5.5295017335584794e-08
187,1.0298653574513843,-0.03275871293595313,0.5006712794863974,True,-474.2944865982465,14,0,CONVERGENCE: RELATIVE REDUCTION OF F <= FACTR*EPSMCH,3,3,1,0.0,5.742944865982465e-08
188,1.0587725634257812,-0.04060225804163715,0.4969274167305556,True,-483.18645752681846,10,0,CONVERGENCE: RELATIVE REDUCTION OF F <= FACTR*EPSMCH,3,3,0,0.0,5.8318645752681845e-08
189,1.1985122217991848,0.005322420368426211,0.4991540070193129,True,-485.4378377253167,14,0,CONVERGENCE: RELATIVE REDUCTION OF F <= FACTR*EPSMCH,3,3,1,0.0,5.8543783772531666e-08
190,1.137457552137786,0.055114084925535836,0.5164479905038869,True,-448.48094119015036,14,0,CONVERGENCE: RELATIVE REDUCTION OF F <= FACTR*EPSMCH,3,3,1,0.0,5.484809411901504e-08
191,1.0541199149851332,0.05517371189136282,0.5093983746725828,True,-458.2006333375699,14,0,CONVERGENCE: RELATIVE REDUCTION OF F <= FACTR*EPSMCH,3,3,1,0.0,5.5820063333757e-08
192,1.0339203378809854,0.08800306364555568,0.5035557436665582,True,-468.75115243847506,9,0,CONVERGENCE: RELATIVE REDUCTION OF F <= FACTR*EPSMCH,3,3,0,0.0,5.68751152438475e-08
193,0.9280117984471126,-0.044881138927535244,0.49264297735438217,True,-485.5216729531108,14,0,CONVERGENCE: RELATIVE REDUCTION OF F <= FACTR*EPSMCH,3,3,1,0.0,5.855216729531108e-08
194,0.945770969835835,0.024508830156875418,0.494722248559737,True,-482.1735068014723,9,0,CONVERGENCE: RELATIVE REDUCTION OF F <= FACTR*EPSMCH,3,3,0,0.0,5.821735068014723e-08
195,1.0758768458420223,0.08186723190226258,0.4953363738861456,True,-487.2141335738992,15,0,CONVERGENCE: NORM OF PROJECTED GRADIENT <= PGTOL,3,3,1,0.0,5.8721413357389924e-08
196,0.9676868125356649,0.012539155373849076,0.4865251944922474,True,-499.9244041449375,12,0,CONVERGENCE: RELATIVE REDUCTION OF F <= FACTR*EPSMCH,3,3,2,0.0,5.999244041449375e-08
197,0.9766232111668094,-0.03433078462596433,0.49083467442843237,True,-491.5464747227583,12,0,CONVERGENCE: RELATIVE REDUCTION OF F <= FACTR*EPSMCH,3,3,2,0.0,5.915464747227584e-08
198,1.117284228736721,0.059679616624596116,0.504872568059772,True,-470.15697471954604,9,0,CONVERGENCE: RELATIVE REDUCTION OF F <= FACTR*EPSMCH,3,3,0,0.0,5.701569747195461e-08
199,1.2810632962852668,-0.01354546030845933,0.505039017861548,True,-477.6817476984184,11,0,CONVERGENCE: RELATIVE REDUCTION OF F <= FACTR*EPSMCH,3,3,2,0.0,5.776817476984184e-08
